/* x86_32_vectors.h - GENERATED, DO NOT EDIT.
 *
 * Produced by tools/x86-32-oracle/oracle-gen.py. Every expected value below
 * was read out of a REAL 32-bit protected-mode execution of these exact
 * bytes on an x86-64 host in compatibility mode, not written by hand and not
 * derived from the interpreter. Regenerate with:
 *     make -C tools/x86-32-oracle
 *
 * Vectors: 33
 */
#ifndef X86_32_VECTORS_H
#define X86_32_VECTORS_H

#include "../types.h"

typedef struct {
    const char *name;
    uint32_t    arena_base;
    uint32_t    arena_size;
    uint32_t    code_base;
    uint32_t    entry;
    uint32_t    stop;
    uint32_t    code_len;
    const uint8_t *code;
    uint32_t    exp_regs[8];
    uint32_t    exp_eflags;
    /* The segment selectors the NATIVE process ran under, in
     * ES CS SS DS FS GS order. INPUTS to the interpreter, not
     * expectations: seed cpu.seg[] with them so a vector that
     * pushes a selector, IRETs through a frame carrying one, or
     * LSS/LDS/LES-loads one starts from the same value on both
     * arms. Nothing here is compared afterwards. */
    uint16_t    init_seg[6];
    uint32_t    flag_mask;
    const char *mask_reason;
    uint32_t    scratch_addr;
    const uint8_t *exp_scratch;
    uint32_t    stackwin_addr;
    const uint8_t *exp_stackwin;
} x86_32_vector_t;

#define X86_32_VEC_SCRATCH_LEN  256
#define X86_32_VEC_STACKWIN_LEN 256

static const uint8_t vec_alu_add_sub_code[464] = {
    0xFC, 0xBF, 0x00, 0xA0, 0x04, 0x08, 0xB9, 0x00, 0x00, 0x00, 0x00, 0xB8, 0x03, 0x00, 0x00, 0x00,
    0x88, 0x07, 0x04, 0x07, 0x47, 0x41, 0x81, 0xF9, 0x00, 0x01, 0x00, 0x00, 0x72, 0xF2, 0xB8, 0x78,
    0x56, 0x34, 0x12, 0xB9, 0xF0, 0xDE, 0xBC, 0x9A, 0xBA, 0x0F, 0x0F, 0x0F, 0x0F, 0xBB, 0x00, 0xA0,
    0x04, 0x08, 0xBD, 0x80, 0xA0, 0x04, 0x08, 0xBE, 0x00, 0xA0, 0x04, 0x08, 0xBF, 0x40, 0xA0, 0x04,
    0x08, 0xBC, 0x40, 0xB3, 0x04, 0x08, 0x68, 0x02, 0x02, 0x00, 0x00, 0x9D, 0xE9, 0x00, 0x00, 0x00,
    0x00, 0xB8, 0xFF, 0xFF, 0xFF, 0xFF, 0xBB, 0x01, 0x00, 0x00, 0x00, 0x01, 0xD8, 0x0F, 0x92, 0x05,
    0x00, 0xA0, 0x04, 0x08, 0x0F, 0x94, 0x05, 0x01, 0xA0, 0x04, 0x08, 0x0F, 0x90, 0x05, 0x02, 0xA0,
    0x04, 0x08, 0x0F, 0x98, 0x05, 0x03, 0xA0, 0x04, 0x08, 0x0F, 0x9A, 0x05, 0x04, 0xA0, 0x04, 0x08,
    0xB8, 0xFF, 0xFF, 0xFF, 0x7F, 0x83, 0xC0, 0x01, 0x0F, 0x92, 0x05, 0x05, 0xA0, 0x04, 0x08, 0x0F,
    0x90, 0x05, 0x06, 0xA0, 0x04, 0x08, 0x0F, 0x98, 0x05, 0x07, 0xA0, 0x04, 0x08, 0xB8, 0x00, 0x00,
    0x00, 0x80, 0x83, 0xE8, 0x01, 0x0F, 0x90, 0x05, 0x08, 0xA0, 0x04, 0x08, 0x0F, 0x92, 0x05, 0x09,
    0xA0, 0x04, 0x08, 0xB8, 0x05, 0x00, 0x00, 0x00, 0x83, 0xE8, 0x07, 0x0F, 0x92, 0x05, 0x0A, 0xA0,
    0x04, 0x08, 0x0F, 0x98, 0x05, 0x0B, 0xA0, 0x04, 0x08, 0x0F, 0x9C, 0x05, 0x0C, 0xA0, 0x04, 0x08,
    0x0F, 0x92, 0x05, 0x0D, 0xA0, 0x04, 0x08, 0xB0, 0x0F, 0x04, 0x01, 0xBA, 0x00, 0x00, 0x00, 0x00,
    0x83, 0xD2, 0x00, 0x89, 0x15, 0x10, 0xA0, 0x04, 0x08, 0xB8, 0x34, 0x12, 0x00, 0x00, 0x3D, 0x34,
    0x12, 0x00, 0x00, 0x0F, 0x94, 0x05, 0x14, 0xA0, 0x04, 0x08, 0x0F, 0x94, 0x05, 0x15, 0xA0, 0x04,
    0x08, 0x0F, 0x9D, 0x05, 0x16, 0xA0, 0x04, 0x08, 0x89, 0x25, 0x10, 0xA1, 0x04, 0x08, 0xBC, 0x40,
    0xA3, 0x04, 0x08, 0x9C, 0x8F, 0x05, 0x20, 0xA1, 0x04, 0x08, 0xA3, 0x00, 0xA1, 0x04, 0x08, 0x89,
    0x0D, 0x04, 0xA1, 0x04, 0x08, 0x89, 0x15, 0x08, 0xA1, 0x04, 0x08, 0x89, 0x1D, 0x0C, 0xA1, 0x04,
    0x08, 0x89, 0x2D, 0x14, 0xA1, 0x04, 0x08, 0x89, 0x35, 0x18, 0xA1, 0x04, 0x08, 0x89, 0x3D, 0x1C,
    0xA1, 0x04, 0x08, 0xC7, 0x05, 0x24, 0xA1, 0x04, 0x08, 0x00, 0x00, 0x00, 0x00, 0xC7, 0x05, 0x28,
    0xA1, 0x04, 0x08, 0x00, 0x00, 0x00, 0x00, 0xC7, 0x05, 0x2C, 0xA1, 0x04, 0x08, 0x00, 0x00, 0x00,
    0x00, 0x8C, 0x05, 0x24, 0xA1, 0x04, 0x08, 0x8C, 0x0D, 0x26, 0xA1, 0x04, 0x08, 0x8C, 0x15, 0x28,
    0xA1, 0x04, 0x08, 0x8C, 0x1D, 0x2A, 0xA1, 0x04, 0x08, 0x8C, 0x25, 0x2C, 0xA1, 0x04, 0x08, 0x8C,
    0x2D, 0x2E, 0xA1, 0x04, 0x08, 0xB8, 0x04, 0x00, 0x00, 0x00, 0xBB, 0x01, 0x00, 0x00, 0x00, 0xB9,
    0x00, 0xA1, 0x04, 0x08, 0xBA, 0x30, 0x00, 0x00, 0x00, 0xCD, 0x80, 0xB8, 0x04, 0x00, 0x00, 0x00,
    0xBB, 0x01, 0x00, 0x00, 0x00, 0xB9, 0x00, 0xA0, 0x04, 0x08, 0xBA, 0x00, 0x01, 0x00, 0x00, 0xCD,
    0x80, 0xB8, 0x04, 0x00, 0x00, 0x00, 0xBB, 0x01, 0x00, 0x00, 0x00, 0xB9, 0x40, 0xB2, 0x04, 0x08,
    0xBA, 0x00, 0x01, 0x00, 0x00, 0xCD, 0x80, 0xB8, 0x01, 0x00, 0x00, 0x00, 0x31, 0xDB, 0xCD, 0x80,
};
static const uint8_t vec_alu_add_sub_scratch[256] = {
    0x01, 0x01, 0x00, 0x00, 0x01, 0x00, 0x01, 0x01, 0x01, 0x00, 0x01, 0x01, 0x01, 0x01, 0x65, 0x6C,
    0x00, 0x00, 0x00, 0x00, 0x01, 0x01, 0x01, 0xA4, 0xAB, 0xB2, 0xB9, 0xC0, 0xC7, 0xCE, 0xD5, 0xDC,
    0xE3, 0xEA, 0xF1, 0xF8, 0xFF, 0x06, 0x0D, 0x14, 0x1B, 0x22, 0x29, 0x30, 0x37, 0x3E, 0x45, 0x4C,
    0x53, 0x5A, 0x61, 0x68, 0x6F, 0x76, 0x7D, 0x84, 0x8B, 0x92, 0x99, 0xA0, 0xA7, 0xAE, 0xB5, 0xBC,
    0xC3, 0xCA, 0xD1, 0xD8, 0xDF, 0xE6, 0xED, 0xF4, 0xFB, 0x02, 0x09, 0x10, 0x17, 0x1E, 0x25, 0x2C,
    0x33, 0x3A, 0x41, 0x48, 0x4F, 0x56, 0x5D, 0x64, 0x6B, 0x72, 0x79, 0x80, 0x87, 0x8E, 0x95, 0x9C,
    0xA3, 0xAA, 0xB1, 0xB8, 0xBF, 0xC6, 0xCD, 0xD4, 0xDB, 0xE2, 0xE9, 0xF0, 0xF7, 0xFE, 0x05, 0x0C,
    0x13, 0x1A, 0x21, 0x28, 0x2F, 0x36, 0x3D, 0x44, 0x4B, 0x52, 0x59, 0x60, 0x67, 0x6E, 0x75, 0x7C,
    0x83, 0x8A, 0x91, 0x98, 0x9F, 0xA6, 0xAD, 0xB4, 0xBB, 0xC2, 0xC9, 0xD0, 0xD7, 0xDE, 0xE5, 0xEC,
    0xF3, 0xFA, 0x01, 0x08, 0x0F, 0x16, 0x1D, 0x24, 0x2B, 0x32, 0x39, 0x40, 0x47, 0x4E, 0x55, 0x5C,
    0x63, 0x6A, 0x71, 0x78, 0x7F, 0x86, 0x8D, 0x94, 0x9B, 0xA2, 0xA9, 0xB0, 0xB7, 0xBE, 0xC5, 0xCC,
    0xD3, 0xDA, 0xE1, 0xE8, 0xEF, 0xF6, 0xFD, 0x04, 0x0B, 0x12, 0x19, 0x20, 0x27, 0x2E, 0x35, 0x3C,
    0x43, 0x4A, 0x51, 0x58, 0x5F, 0x66, 0x6D, 0x74, 0x7B, 0x82, 0x89, 0x90, 0x97, 0x9E, 0xA5, 0xAC,
    0xB3, 0xBA, 0xC1, 0xC8, 0xCF, 0xD6, 0xDD, 0xE4, 0xEB, 0xF2, 0xF9, 0x00, 0x07, 0x0E, 0x15, 0x1C,
    0x23, 0x2A, 0x31, 0x38, 0x3F, 0x46, 0x4D, 0x54, 0x5B, 0x62, 0x69, 0x70, 0x77, 0x7E, 0x85, 0x8C,
    0x93, 0x9A, 0xA1, 0xA8, 0xAF, 0xB6, 0xBD, 0xC4, 0xCB, 0xD2, 0xD9, 0xE0, 0xE7, 0xEE, 0xF5, 0xFC,
};
static const uint8_t vec_alu_add_sub_stack[256] = {
    0x00, 0x00, 0x00, 0x00, 0x00, 0x00, 0x00, 0x00, 0x00, 0x00, 0x00, 0x00, 0x00, 0x00, 0x00, 0x00,
    0x00, 0x00, 0x00, 0x00, 0x00, 0x00, 0x00, 0x00, 0x00, 0x00, 0x00, 0x00, 0x00, 0x00, 0x00, 0x00,
    0x00, 0x00, 0x00, 0x00, 0x00, 0x00, 0x00, 0x00, 0x00, 0x00, 0x00, 0x00, 0x00, 0x00, 0x00, 0x00,
    0x00, 0x00, 0x00, 0x00, 0x00, 0x00, 0x00, 0x00, 0x00, 0x00, 0x00, 0x00, 0x00, 0x00, 0x00, 0x00,
    0x00, 0x00, 0x00, 0x00, 0x00, 0x00, 0x00, 0x00, 0x00, 0x00, 0x00, 0x00, 0x00, 0x00, 0x00, 0x00,
    0x00, 0x00, 0x00, 0x00, 0x00, 0x00, 0x00, 0x00, 0x00, 0x00, 0x00, 0x00, 0x00, 0x00, 0x00, 0x00,
    0x00, 0x00, 0x00, 0x00, 0x00, 0x00, 0x00, 0x00, 0x00, 0x00, 0x00, 0x00, 0x00, 0x00, 0x00, 0x00,
    0x00, 0x00, 0x00, 0x00, 0x00, 0x00, 0x00, 0x00, 0x00, 0x00, 0x00, 0x00, 0x00, 0x00, 0x00, 0x00,
    0x00, 0x00, 0x00, 0x00, 0x00, 0x00, 0x00, 0x00, 0x00, 0x00, 0x00, 0x00, 0x00, 0x00, 0x00, 0x00,
    0x00, 0x00, 0x00, 0x00, 0x00, 0x00, 0x00, 0x00, 0x00, 0x00, 0x00, 0x00, 0x00, 0x00, 0x00, 0x00,
    0x00, 0x00, 0x00, 0x00, 0x00, 0x00, 0x00, 0x00, 0x00, 0x00, 0x00, 0x00, 0x00, 0x00, 0x00, 0x00,
    0x00, 0x00, 0x00, 0x00, 0x00, 0x00, 0x00, 0x00, 0x00, 0x00, 0x00, 0x00, 0x00, 0x00, 0x00, 0x00,
    0x00, 0x00, 0x00, 0x00, 0x00, 0x00, 0x00, 0x00, 0x00, 0x00, 0x00, 0x00, 0x00, 0x00, 0x00, 0x00,
    0x00, 0x00, 0x00, 0x00, 0x00, 0x00, 0x00, 0x00, 0x00, 0x00, 0x00, 0x00, 0x00, 0x00, 0x00, 0x00,
    0x00, 0x00, 0x00, 0x00, 0x00, 0x00, 0x00, 0x00, 0x00, 0x00, 0x00, 0x00, 0x00, 0x00, 0x00, 0x00,
    0x00, 0x00, 0x00, 0x00, 0x00, 0x00, 0x00, 0x00, 0x00, 0x00, 0x00, 0x00, 0x02, 0x02, 0x00, 0x00,
};

static const uint8_t vec_alu_logic_code[444] = {
    0xFC, 0xBF, 0x00, 0xA0, 0x04, 0x08, 0xB9, 0x00, 0x00, 0x00, 0x00, 0xB8, 0x03, 0x00, 0x00, 0x00,
    0x88, 0x07, 0x04, 0x07, 0x47, 0x41, 0x81, 0xF9, 0x00, 0x01, 0x00, 0x00, 0x72, 0xF2, 0xB8, 0x78,
    0x56, 0x34, 0x12, 0xB9, 0xF0, 0xDE, 0xBC, 0x9A, 0xBA, 0x0F, 0x0F, 0x0F, 0x0F, 0xBB, 0x00, 0xA0,
    0x04, 0x08, 0xBD, 0x80, 0xA0, 0x04, 0x08, 0xBE, 0x00, 0xA0, 0x04, 0x08, 0xBF, 0x40, 0xA0, 0x04,
    0x08, 0xBC, 0x40, 0xB3, 0x04, 0x08, 0x68, 0x02, 0x02, 0x00, 0x00, 0x9D, 0xE9, 0x00, 0x00, 0x00,
    0x00, 0xB8, 0xF0, 0xF0, 0xF0, 0xF0, 0xBB, 0xF0, 0x0F, 0xF0, 0x0F, 0x21, 0xD8, 0x0F, 0x94, 0x05,
    0x00, 0xA0, 0x04, 0x08, 0x0F, 0x98, 0x05, 0x01, 0xA0, 0x04, 0x08, 0x0F, 0x92, 0x05, 0x02, 0xA0,
    0x04, 0x08, 0xB8, 0xF0, 0xF0, 0xF0, 0xF0, 0x09, 0xD8, 0x0F, 0x98, 0x05, 0x03, 0xA0, 0x04, 0x08,
    0x0F, 0x9A, 0x05, 0x04, 0xA0, 0x04, 0x08, 0xB8, 0xAA, 0xAA, 0xAA, 0xAA, 0x31, 0xC0, 0x0F, 0x94,
    0x05, 0x05, 0xA0, 0x04, 0x08, 0xB8, 0x81, 0x00, 0x00, 0x00, 0xA9, 0x80, 0x00, 0x00, 0x00, 0x0F,
    0x95, 0x05, 0x06, 0xA0, 0x04, 0x08, 0xA8, 0x7E, 0x0F, 0x94, 0x05, 0x07, 0xA0, 0x04, 0x08, 0xB8,
    0xFF, 0xFF, 0xFF, 0xFF, 0xF7, 0xD0, 0x0F, 0x94, 0x05, 0x08, 0xA0, 0x04, 0x08, 0xB8, 0x01, 0x00,
    0x00, 0x00, 0xF7, 0xD8, 0x0F, 0x92, 0x05, 0x09, 0xA0, 0x04, 0x08, 0x0F, 0x90, 0x05, 0x0A, 0xA0,
    0x04, 0x08, 0xB8, 0x00, 0x00, 0x00, 0x00, 0xF7, 0xD8, 0x0F, 0x92, 0x05, 0x0B, 0xA0, 0x04, 0x08,
    0xB8, 0x00, 0x00, 0x00, 0x80, 0xF7, 0xD8, 0x0F, 0x90, 0x05, 0x0C, 0xA0, 0x04, 0x08, 0x81, 0xE1,
    0x0F, 0x0F, 0x00, 0x00, 0x89, 0x25, 0x10, 0xA1, 0x04, 0x08, 0xBC, 0x40, 0xA3, 0x04, 0x08, 0x9C,
    0x8F, 0x05, 0x20, 0xA1, 0x04, 0x08, 0xA3, 0x00, 0xA1, 0x04, 0x08, 0x89, 0x0D, 0x04, 0xA1, 0x04,
    0x08, 0x89, 0x15, 0x08, 0xA1, 0x04, 0x08, 0x89, 0x1D, 0x0C, 0xA1, 0x04, 0x08, 0x89, 0x2D, 0x14,
    0xA1, 0x04, 0x08, 0x89, 0x35, 0x18, 0xA1, 0x04, 0x08, 0x89, 0x3D, 0x1C, 0xA1, 0x04, 0x08, 0xC7,
    0x05, 0x24, 0xA1, 0x04, 0x08, 0x00, 0x00, 0x00, 0x00, 0xC7, 0x05, 0x28, 0xA1, 0x04, 0x08, 0x00,
    0x00, 0x00, 0x00, 0xC7, 0x05, 0x2C, 0xA1, 0x04, 0x08, 0x00, 0x00, 0x00, 0x00, 0x8C, 0x05, 0x24,
    0xA1, 0x04, 0x08, 0x8C, 0x0D, 0x26, 0xA1, 0x04, 0x08, 0x8C, 0x15, 0x28, 0xA1, 0x04, 0x08, 0x8C,
    0x1D, 0x2A, 0xA1, 0x04, 0x08, 0x8C, 0x25, 0x2C, 0xA1, 0x04, 0x08, 0x8C, 0x2D, 0x2E, 0xA1, 0x04,
    0x08, 0xB8, 0x04, 0x00, 0x00, 0x00, 0xBB, 0x01, 0x00, 0x00, 0x00, 0xB9, 0x00, 0xA1, 0x04, 0x08,
    0xBA, 0x30, 0x00, 0x00, 0x00, 0xCD, 0x80, 0xB8, 0x04, 0x00, 0x00, 0x00, 0xBB, 0x01, 0x00, 0x00,
    0x00, 0xB9, 0x00, 0xA0, 0x04, 0x08, 0xBA, 0x00, 0x01, 0x00, 0x00, 0xCD, 0x80, 0xB8, 0x04, 0x00,
    0x00, 0x00, 0xBB, 0x01, 0x00, 0x00, 0x00, 0xB9, 0x40, 0xB2, 0x04, 0x08, 0xBA, 0x00, 0x01, 0x00,
    0x00, 0xCD, 0x80, 0xB8, 0x01, 0x00, 0x00, 0x00, 0x31, 0xDB, 0xCD, 0x80,
};
static const uint8_t vec_alu_logic_scratch[256] = {
    0x00, 0x00, 0x00, 0x01, 0x01, 0x01, 0x01, 0x01, 0x01, 0x01, 0x00, 0x00, 0x01, 0x5E, 0x65, 0x6C,
    0x73, 0x7A, 0x81, 0x88, 0x8F, 0x96, 0x9D, 0xA4, 0xAB, 0xB2, 0xB9, 0xC0, 0xC7, 0xCE, 0xD5, 0xDC,
    0xE3, 0xEA, 0xF1, 0xF8, 0xFF, 0x06, 0x0D, 0x14, 0x1B, 0x22, 0x29, 0x30, 0x37, 0x3E, 0x45, 0x4C,
    0x53, 0x5A, 0x61, 0x68, 0x6F, 0x76, 0x7D, 0x84, 0x8B, 0x92, 0x99, 0xA0, 0xA7, 0xAE, 0xB5, 0xBC,
    0xC3, 0xCA, 0xD1, 0xD8, 0xDF, 0xE6, 0xED, 0xF4, 0xFB, 0x02, 0x09, 0x10, 0x17, 0x1E, 0x25, 0x2C,
    0x33, 0x3A, 0x41, 0x48, 0x4F, 0x56, 0x5D, 0x64, 0x6B, 0x72, 0x79, 0x80, 0x87, 0x8E, 0x95, 0x9C,
    0xA3, 0xAA, 0xB1, 0xB8, 0xBF, 0xC6, 0xCD, 0xD4, 0xDB, 0xE2, 0xE9, 0xF0, 0xF7, 0xFE, 0x05, 0x0C,
    0x13, 0x1A, 0x21, 0x28, 0x2F, 0x36, 0x3D, 0x44, 0x4B, 0x52, 0x59, 0x60, 0x67, 0x6E, 0x75, 0x7C,
    0x83, 0x8A, 0x91, 0x98, 0x9F, 0xA6, 0xAD, 0xB4, 0xBB, 0xC2, 0xC9, 0xD0, 0xD7, 0xDE, 0xE5, 0xEC,
    0xF3, 0xFA, 0x01, 0x08, 0x0F, 0x16, 0x1D, 0x24, 0x2B, 0x32, 0x39, 0x40, 0x47, 0x4E, 0x55, 0x5C,
    0x63, 0x6A, 0x71, 0x78, 0x7F, 0x86, 0x8D, 0x94, 0x9B, 0xA2, 0xA9, 0xB0, 0xB7, 0xBE, 0xC5, 0xCC,
    0xD3, 0xDA, 0xE1, 0xE8, 0xEF, 0xF6, 0xFD, 0x04, 0x0B, 0x12, 0x19, 0x20, 0x27, 0x2E, 0x35, 0x3C,
    0x43, 0x4A, 0x51, 0x58, 0x5F, 0x66, 0x6D, 0x74, 0x7B, 0x82, 0x89, 0x90, 0x97, 0x9E, 0xA5, 0xAC,
    0xB3, 0xBA, 0xC1, 0xC8, 0xCF, 0xD6, 0xDD, 0xE4, 0xEB, 0xF2, 0xF9, 0x00, 0x07, 0x0E, 0x15, 0x1C,
    0x23, 0x2A, 0x31, 0x38, 0x3F, 0x46, 0x4D, 0x54, 0x5B, 0x62, 0x69, 0x70, 0x77, 0x7E, 0x85, 0x8C,
    0x93, 0x9A, 0xA1, 0xA8, 0xAF, 0xB6, 0xBD, 0xC4, 0xCB, 0xD2, 0xD9, 0xE0, 0xE7, 0xEE, 0xF5, 0xFC,
};
static const uint8_t vec_alu_logic_stack[256] = {
    0x00, 0x00, 0x00, 0x00, 0x00, 0x00, 0x00, 0x00, 0x00, 0x00, 0x00, 0x00, 0x00, 0x00, 0x00, 0x00,
    0x00, 0x00, 0x00, 0x00, 0x00, 0x00, 0x00, 0x00, 0x00, 0x00, 0x00, 0x00, 0x00, 0x00, 0x00, 0x00,
    0x00, 0x00, 0x00, 0x00, 0x00, 0x00, 0x00, 0x00, 0x00, 0x00, 0x00, 0x00, 0x00, 0x00, 0x00, 0x00,
    0x00, 0x00, 0x00, 0x00, 0x00, 0x00, 0x00, 0x00, 0x00, 0x00, 0x00, 0x00, 0x00, 0x00, 0x00, 0x00,
    0x00, 0x00, 0x00, 0x00, 0x00, 0x00, 0x00, 0x00, 0x00, 0x00, 0x00, 0x00, 0x00, 0x00, 0x00, 0x00,
    0x00, 0x00, 0x00, 0x00, 0x00, 0x00, 0x00, 0x00, 0x00, 0x00, 0x00, 0x00, 0x00, 0x00, 0x00, 0x00,
    0x00, 0x00, 0x00, 0x00, 0x00, 0x00, 0x00, 0x00, 0x00, 0x00, 0x00, 0x00, 0x00, 0x00, 0x00, 0x00,
    0x00, 0x00, 0x00, 0x00, 0x00, 0x00, 0x00, 0x00, 0x00, 0x00, 0x00, 0x00, 0x00, 0x00, 0x00, 0x00,
    0x00, 0x00, 0x00, 0x00, 0x00, 0x00, 0x00, 0x00, 0x00, 0x00, 0x00, 0x00, 0x00, 0x00, 0x00, 0x00,
    0x00, 0x00, 0x00, 0x00, 0x00, 0x00, 0x00, 0x00, 0x00, 0x00, 0x00, 0x00, 0x00, 0x00, 0x00, 0x00,
    0x00, 0x00, 0x00, 0x00, 0x00, 0x00, 0x00, 0x00, 0x00, 0x00, 0x00, 0x00, 0x00, 0x00, 0x00, 0x00,
    0x00, 0x00, 0x00, 0x00, 0x00, 0x00, 0x00, 0x00, 0x00, 0x00, 0x00, 0x00, 0x00, 0x00, 0x00, 0x00,
    0x00, 0x00, 0x00, 0x00, 0x00, 0x00, 0x00, 0x00, 0x00, 0x00, 0x00, 0x00, 0x00, 0x00, 0x00, 0x00,
    0x00, 0x00, 0x00, 0x00, 0x00, 0x00, 0x00, 0x00, 0x00, 0x00, 0x00, 0x00, 0x00, 0x00, 0x00, 0x00,
    0x00, 0x00, 0x00, 0x00, 0x00, 0x00, 0x00, 0x00, 0x00, 0x00, 0x00, 0x00, 0x00, 0x00, 0x00, 0x00,
    0x00, 0x00, 0x00, 0x00, 0x00, 0x00, 0x00, 0x00, 0x00, 0x00, 0x00, 0x00, 0x02, 0x02, 0x00, 0x00,
};

static const uint8_t vec_bcd_ops_code[393] = {
    0xFC, 0xBF, 0x00, 0xA0, 0x04, 0x08, 0xB9, 0x00, 0x00, 0x00, 0x00, 0xB8, 0x03, 0x00, 0x00, 0x00,
    0x88, 0x07, 0x04, 0x07, 0x47, 0x41, 0x81, 0xF9, 0x00, 0x01, 0x00, 0x00, 0x72, 0xF2, 0xB8, 0x78,
    0x56, 0x34, 0x12, 0xB9, 0xF0, 0xDE, 0xBC, 0x9A, 0xBA, 0x0F, 0x0F, 0x0F, 0x0F, 0xBB, 0x00, 0xA0,
    0x04, 0x08, 0xBD, 0x80, 0xA0, 0x04, 0x08, 0xBE, 0x00, 0xA0, 0x04, 0x08, 0xBF, 0x40, 0xA0, 0x04,
    0x08, 0xBC, 0x40, 0xB3, 0x04, 0x08, 0x68, 0x02, 0x02, 0x00, 0x00, 0x9D, 0xE9, 0x00, 0x00, 0x00,
    0x00, 0x66, 0xB8, 0x00, 0x00, 0xB0, 0x19, 0x04, 0x28, 0x27, 0xA2, 0x00, 0xA0, 0x04, 0x08, 0x0F,
    0x92, 0x05, 0x01, 0xA0, 0x04, 0x08, 0xB0, 0x99, 0x04, 0x99, 0x27, 0xA2, 0x02, 0xA0, 0x04, 0x08,
    0x0F, 0x92, 0x05, 0x03, 0xA0, 0x04, 0x08, 0xB0, 0x32, 0x2C, 0x19, 0x2F, 0xA2, 0x04, 0xA0, 0x04,
    0x08, 0x0F, 0x92, 0x05, 0x05, 0xA0, 0x04, 0x08, 0x66, 0xB8, 0x09, 0x00, 0x04, 0x08, 0x37, 0x66,
    0xA3, 0x06, 0xA0, 0x04, 0x08, 0x0F, 0x92, 0x05, 0x08, 0xA0, 0x04, 0x08, 0x66, 0xB8, 0x00, 0x01,
    0x2C, 0x05, 0x3F, 0x66, 0xA3, 0x0A, 0xA0, 0x04, 0x08, 0x66, 0xB8, 0x07, 0x05, 0xD5, 0x0A, 0x66,
    0xA3, 0x0C, 0xA0, 0x04, 0x08, 0xB0, 0x25, 0xB4, 0x00, 0xD4, 0x0A, 0x66, 0xA3, 0x0E, 0xA0, 0x04,
    0x08, 0x89, 0x25, 0x10, 0xA1, 0x04, 0x08, 0xBC, 0x40, 0xA3, 0x04, 0x08, 0x9C, 0x8F, 0x05, 0x20,
    0xA1, 0x04, 0x08, 0xA3, 0x00, 0xA1, 0x04, 0x08, 0x89, 0x0D, 0x04, 0xA1, 0x04, 0x08, 0x89, 0x15,
    0x08, 0xA1, 0x04, 0x08, 0x89, 0x1D, 0x0C, 0xA1, 0x04, 0x08, 0x89, 0x2D, 0x14, 0xA1, 0x04, 0x08,
    0x89, 0x35, 0x18, 0xA1, 0x04, 0x08, 0x89, 0x3D, 0x1C, 0xA1, 0x04, 0x08, 0xC7, 0x05, 0x24, 0xA1,
    0x04, 0x08, 0x00, 0x00, 0x00, 0x00, 0xC7, 0x05, 0x28, 0xA1, 0x04, 0x08, 0x00, 0x00, 0x00, 0x00,
    0xC7, 0x05, 0x2C, 0xA1, 0x04, 0x08, 0x00, 0x00, 0x00, 0x00, 0x8C, 0x05, 0x24, 0xA1, 0x04, 0x08,
    0x8C, 0x0D, 0x26, 0xA1, 0x04, 0x08, 0x8C, 0x15, 0x28, 0xA1, 0x04, 0x08, 0x8C, 0x1D, 0x2A, 0xA1,
    0x04, 0x08, 0x8C, 0x25, 0x2C, 0xA1, 0x04, 0x08, 0x8C, 0x2D, 0x2E, 0xA1, 0x04, 0x08, 0xB8, 0x04,
    0x00, 0x00, 0x00, 0xBB, 0x01, 0x00, 0x00, 0x00, 0xB9, 0x00, 0xA1, 0x04, 0x08, 0xBA, 0x30, 0x00,
    0x00, 0x00, 0xCD, 0x80, 0xB8, 0x04, 0x00, 0x00, 0x00, 0xBB, 0x01, 0x00, 0x00, 0x00, 0xB9, 0x00,
    0xA0, 0x04, 0x08, 0xBA, 0x00, 0x01, 0x00, 0x00, 0xCD, 0x80, 0xB8, 0x04, 0x00, 0x00, 0x00, 0xBB,
    0x01, 0x00, 0x00, 0x00, 0xB9, 0x40, 0xB2, 0x04, 0x08, 0xBA, 0x00, 0x01, 0x00, 0x00, 0xCD, 0x80,
    0xB8, 0x01, 0x00, 0x00, 0x00, 0x31, 0xDB, 0xCD, 0x80,
};
static const uint8_t vec_bcd_ops_scratch[256] = {
    0x47, 0x00, 0x98, 0x01, 0x13, 0x00, 0x07, 0x01, 0x01, 0x42, 0x05, 0x00, 0x39, 0x00, 0x07, 0x03,
    0x73, 0x7A, 0x81, 0x88, 0x8F, 0x96, 0x9D, 0xA4, 0xAB, 0xB2, 0xB9, 0xC0, 0xC7, 0xCE, 0xD5, 0xDC,
    0xE3, 0xEA, 0xF1, 0xF8, 0xFF, 0x06, 0x0D, 0x14, 0x1B, 0x22, 0x29, 0x30, 0x37, 0x3E, 0x45, 0x4C,
    0x53, 0x5A, 0x61, 0x68, 0x6F, 0x76, 0x7D, 0x84, 0x8B, 0x92, 0x99, 0xA0, 0xA7, 0xAE, 0xB5, 0xBC,
    0xC3, 0xCA, 0xD1, 0xD8, 0xDF, 0xE6, 0xED, 0xF4, 0xFB, 0x02, 0x09, 0x10, 0x17, 0x1E, 0x25, 0x2C,
    0x33, 0x3A, 0x41, 0x48, 0x4F, 0x56, 0x5D, 0x64, 0x6B, 0x72, 0x79, 0x80, 0x87, 0x8E, 0x95, 0x9C,
    0xA3, 0xAA, 0xB1, 0xB8, 0xBF, 0xC6, 0xCD, 0xD4, 0xDB, 0xE2, 0xE9, 0xF0, 0xF7, 0xFE, 0x05, 0x0C,
    0x13, 0x1A, 0x21, 0x28, 0x2F, 0x36, 0x3D, 0x44, 0x4B, 0x52, 0x59, 0x60, 0x67, 0x6E, 0x75, 0x7C,
    0x83, 0x8A, 0x91, 0x98, 0x9F, 0xA6, 0xAD, 0xB4, 0xBB, 0xC2, 0xC9, 0xD0, 0xD7, 0xDE, 0xE5, 0xEC,
    0xF3, 0xFA, 0x01, 0x08, 0x0F, 0x16, 0x1D, 0x24, 0x2B, 0x32, 0x39, 0x40, 0x47, 0x4E, 0x55, 0x5C,
    0x63, 0x6A, 0x71, 0x78, 0x7F, 0x86, 0x8D, 0x94, 0x9B, 0xA2, 0xA9, 0xB0, 0xB7, 0xBE, 0xC5, 0xCC,
    0xD3, 0xDA, 0xE1, 0xE8, 0xEF, 0xF6, 0xFD, 0x04, 0x0B, 0x12, 0x19, 0x20, 0x27, 0x2E, 0x35, 0x3C,
    0x43, 0x4A, 0x51, 0x58, 0x5F, 0x66, 0x6D, 0x74, 0x7B, 0x82, 0x89, 0x90, 0x97, 0x9E, 0xA5, 0xAC,
    0xB3, 0xBA, 0xC1, 0xC8, 0xCF, 0xD6, 0xDD, 0xE4, 0xEB, 0xF2, 0xF9, 0x00, 0x07, 0x0E, 0x15, 0x1C,
    0x23, 0x2A, 0x31, 0x38, 0x3F, 0x46, 0x4D, 0x54, 0x5B, 0x62, 0x69, 0x70, 0x77, 0x7E, 0x85, 0x8C,
    0x93, 0x9A, 0xA1, 0xA8, 0xAF, 0xB6, 0xBD, 0xC4, 0xCB, 0xD2, 0xD9, 0xE0, 0xE7, 0xEE, 0xF5, 0xFC,
};
static const uint8_t vec_bcd_ops_stack[256] = {
    0x00, 0x00, 0x00, 0x00, 0x00, 0x00, 0x00, 0x00, 0x00, 0x00, 0x00, 0x00, 0x00, 0x00, 0x00, 0x00,
    0x00, 0x00, 0x00, 0x00, 0x00, 0x00, 0x00, 0x00, 0x00, 0x00, 0x00, 0x00, 0x00, 0x00, 0x00, 0x00,
    0x00, 0x00, 0x00, 0x00, 0x00, 0x00, 0x00, 0x00, 0x00, 0x00, 0x00, 0x00, 0x00, 0x00, 0x00, 0x00,
    0x00, 0x00, 0x00, 0x00, 0x00, 0x00, 0x00, 0x00, 0x00, 0x00, 0x00, 0x00, 0x00, 0x00, 0x00, 0x00,
    0x00, 0x00, 0x00, 0x00, 0x00, 0x00, 0x00, 0x00, 0x00, 0x00, 0x00, 0x00, 0x00, 0x00, 0x00, 0x00,
    0x00, 0x00, 0x00, 0x00, 0x00, 0x00, 0x00, 0x00, 0x00, 0x00, 0x00, 0x00, 0x00, 0x00, 0x00, 0x00,
    0x00, 0x00, 0x00, 0x00, 0x00, 0x00, 0x00, 0x00, 0x00, 0x00, 0x00, 0x00, 0x00, 0x00, 0x00, 0x00,
    0x00, 0x00, 0x00, 0x00, 0x00, 0x00, 0x00, 0x00, 0x00, 0x00, 0x00, 0x00, 0x00, 0x00, 0x00, 0x00,
    0x00, 0x00, 0x00, 0x00, 0x00, 0x00, 0x00, 0x00, 0x00, 0x00, 0x00, 0x00, 0x00, 0x00, 0x00, 0x00,
    0x00, 0x00, 0x00, 0x00, 0x00, 0x00, 0x00, 0x00, 0x00, 0x00, 0x00, 0x00, 0x00, 0x00, 0x00, 0x00,
    0x00, 0x00, 0x00, 0x00, 0x00, 0x00, 0x00, 0x00, 0x00, 0x00, 0x00, 0x00, 0x00, 0x00, 0x00, 0x00,
    0x00, 0x00, 0x00, 0x00, 0x00, 0x00, 0x00, 0x00, 0x00, 0x00, 0x00, 0x00, 0x00, 0x00, 0x00, 0x00,
    0x00, 0x00, 0x00, 0x00, 0x00, 0x00, 0x00, 0x00, 0x00, 0x00, 0x00, 0x00, 0x00, 0x00, 0x00, 0x00,
    0x00, 0x00, 0x00, 0x00, 0x00, 0x00, 0x00, 0x00, 0x00, 0x00, 0x00, 0x00, 0x00, 0x00, 0x00, 0x00,
    0x00, 0x00, 0x00, 0x00, 0x00, 0x00, 0x00, 0x00, 0x00, 0x00, 0x00, 0x00, 0x00, 0x00, 0x00, 0x00,
    0x00, 0x00, 0x00, 0x00, 0x00, 0x00, 0x00, 0x00, 0x00, 0x00, 0x00, 0x00, 0x02, 0x02, 0x00, 0x00,
};

static const uint8_t vec_bit_ops_code[417] = {
    0xFC, 0xBF, 0x00, 0xA0, 0x04, 0x08, 0xB9, 0x00, 0x00, 0x00, 0x00, 0xB8, 0x03, 0x00, 0x00, 0x00,
    0x88, 0x07, 0x04, 0x07, 0x47, 0x41, 0x81, 0xF9, 0x00, 0x01, 0x00, 0x00, 0x72, 0xF2, 0xB8, 0x78,
    0x56, 0x34, 0x12, 0xB9, 0xF0, 0xDE, 0xBC, 0x9A, 0xBA, 0x0F, 0x0F, 0x0F, 0x0F, 0xBB, 0x00, 0xA0,
    0x04, 0x08, 0xBD, 0x80, 0xA0, 0x04, 0x08, 0xBE, 0x00, 0xA0, 0x04, 0x08, 0xBF, 0x40, 0xA0, 0x04,
    0x08, 0xBC, 0x40, 0xB3, 0x04, 0x08, 0x68, 0x02, 0x02, 0x00, 0x00, 0x9D, 0xE9, 0x00, 0x00, 0x00,
    0x00, 0xB8, 0x00, 0x01, 0x00, 0x00, 0x0F, 0xBA, 0xE0, 0x08, 0x0F, 0x92, 0x05, 0x00, 0xA0, 0x04,
    0x08, 0x0F, 0xBA, 0xE0, 0x09, 0x0F, 0x92, 0x05, 0x01, 0xA0, 0x04, 0x08, 0x0F, 0xBA, 0xE8, 0x00,
    0xA3, 0x04, 0xA0, 0x04, 0x08, 0x0F, 0xBA, 0xF0, 0x08, 0xA3, 0x08, 0xA0, 0x04, 0x08, 0x0F, 0xBA,
    0xF8, 0x1F, 0xA3, 0x0C, 0xA0, 0x04, 0x08, 0x0F, 0x92, 0x05, 0x10, 0xA0, 0x04, 0x08, 0xBB, 0x40,
    0xA0, 0x04, 0x08, 0xB9, 0x05, 0x00, 0x00, 0x00, 0x0F, 0xAB, 0x0B, 0xB9, 0x28, 0x00, 0x00, 0x00,
    0x0F, 0xAB, 0x0B, 0xB9, 0xF8, 0xFF, 0xFF, 0xFF, 0x0F, 0xAB, 0x0B, 0xB8, 0x00, 0x01, 0x00, 0x00,
    0x0F, 0xBC, 0xD0, 0x89, 0x15, 0x14, 0xA0, 0x04, 0x08, 0x0F, 0xBD, 0xD0, 0x89, 0x15, 0x18, 0xA0,
    0x04, 0x08, 0xB8, 0x01, 0x00, 0x00, 0x80, 0x0F, 0xBC, 0xF0, 0x0F, 0xBD, 0xF8, 0x31, 0xC0, 0x0F,
    0xBC, 0xE8, 0x0F, 0x94, 0x05, 0x1C, 0xA0, 0x04, 0x08, 0x89, 0x25, 0x10, 0xA1, 0x04, 0x08, 0xBC,
    0x40, 0xA3, 0x04, 0x08, 0x9C, 0x8F, 0x05, 0x20, 0xA1, 0x04, 0x08, 0xA3, 0x00, 0xA1, 0x04, 0x08,
    0x89, 0x0D, 0x04, 0xA1, 0x04, 0x08, 0x89, 0x15, 0x08, 0xA1, 0x04, 0x08, 0x89, 0x1D, 0x0C, 0xA1,
    0x04, 0x08, 0x89, 0x2D, 0x14, 0xA1, 0x04, 0x08, 0x89, 0x35, 0x18, 0xA1, 0x04, 0x08, 0x89, 0x3D,
    0x1C, 0xA1, 0x04, 0x08, 0xC7, 0x05, 0x24, 0xA1, 0x04, 0x08, 0x00, 0x00, 0x00, 0x00, 0xC7, 0x05,
    0x28, 0xA1, 0x04, 0x08, 0x00, 0x00, 0x00, 0x00, 0xC7, 0x05, 0x2C, 0xA1, 0x04, 0x08, 0x00, 0x00,
    0x00, 0x00, 0x8C, 0x05, 0x24, 0xA1, 0x04, 0x08, 0x8C, 0x0D, 0x26, 0xA1, 0x04, 0x08, 0x8C, 0x15,
    0x28, 0xA1, 0x04, 0x08, 0x8C, 0x1D, 0x2A, 0xA1, 0x04, 0x08, 0x8C, 0x25, 0x2C, 0xA1, 0x04, 0x08,
    0x8C, 0x2D, 0x2E, 0xA1, 0x04, 0x08, 0xB8, 0x04, 0x00, 0x00, 0x00, 0xBB, 0x01, 0x00, 0x00, 0x00,
    0xB9, 0x00, 0xA1, 0x04, 0x08, 0xBA, 0x30, 0x00, 0x00, 0x00, 0xCD, 0x80, 0xB8, 0x04, 0x00, 0x00,
    0x00, 0xBB, 0x01, 0x00, 0x00, 0x00, 0xB9, 0x00, 0xA0, 0x04, 0x08, 0xBA, 0x00, 0x01, 0x00, 0x00,
    0xCD, 0x80, 0xB8, 0x04, 0x00, 0x00, 0x00, 0xBB, 0x01, 0x00, 0x00, 0x00, 0xB9, 0x40, 0xB2, 0x04,
    0x08, 0xBA, 0x00, 0x01, 0x00, 0x00, 0xCD, 0x80, 0xB8, 0x01, 0x00, 0x00, 0x00, 0x31, 0xDB, 0xCD,
    0x80,
};
static const uint8_t vec_bit_ops_scratch[256] = {
    0x01, 0x00, 0x11, 0x18, 0x01, 0x01, 0x00, 0x00, 0x01, 0x00, 0x00, 0x00, 0x01, 0x00, 0x00, 0x80,
    0x00, 0x7A, 0x81, 0x88, 0x08, 0x00, 0x00, 0x00, 0x08, 0x00, 0x00, 0x00, 0x01, 0xCE, 0xD5, 0xDC,
    0xE3, 0xEA, 0xF1, 0xF8, 0xFF, 0x06, 0x0D, 0x14, 0x1B, 0x22, 0x29, 0x30, 0x37, 0x3E, 0x45, 0x4C,
    0x53, 0x5A, 0x61, 0x68, 0x6F, 0x76, 0x7D, 0x84, 0x8B, 0x92, 0x99, 0xA0, 0xA7, 0xAE, 0xB5, 0xBD,
    0xE3, 0xCA, 0xD1, 0xD8, 0xDF, 0xE7, 0xED, 0xF4, 0xFB, 0x02, 0x09, 0x10, 0x17, 0x1E, 0x25, 0x2C,
    0x33, 0x3A, 0x41, 0x48, 0x4F, 0x56, 0x5D, 0x64, 0x6B, 0x72, 0x79, 0x80, 0x87, 0x8E, 0x95, 0x9C,
    0xA3, 0xAA, 0xB1, 0xB8, 0xBF, 0xC6, 0xCD, 0xD4, 0xDB, 0xE2, 0xE9, 0xF0, 0xF7, 0xFE, 0x05, 0x0C,
    0x13, 0x1A, 0x21, 0x28, 0x2F, 0x36, 0x3D, 0x44, 0x4B, 0x52, 0x59, 0x60, 0x67, 0x6E, 0x75, 0x7C,
    0x83, 0x8A, 0x91, 0x98, 0x9F, 0xA6, 0xAD, 0xB4, 0xBB, 0xC2, 0xC9, 0xD0, 0xD7, 0xDE, 0xE5, 0xEC,
    0xF3, 0xFA, 0x01, 0x08, 0x0F, 0x16, 0x1D, 0x24, 0x2B, 0x32, 0x39, 0x40, 0x47, 0x4E, 0x55, 0x5C,
    0x63, 0x6A, 0x71, 0x78, 0x7F, 0x86, 0x8D, 0x94, 0x9B, 0xA2, 0xA9, 0xB0, 0xB7, 0xBE, 0xC5, 0xCC,
    0xD3, 0xDA, 0xE1, 0xE8, 0xEF, 0xF6, 0xFD, 0x04, 0x0B, 0x12, 0x19, 0x20, 0x27, 0x2E, 0x35, 0x3C,
    0x43, 0x4A, 0x51, 0x58, 0x5F, 0x66, 0x6D, 0x74, 0x7B, 0x82, 0x89, 0x90, 0x97, 0x9E, 0xA5, 0xAC,
    0xB3, 0xBA, 0xC1, 0xC8, 0xCF, 0xD6, 0xDD, 0xE4, 0xEB, 0xF2, 0xF9, 0x00, 0x07, 0x0E, 0x15, 0x1C,
    0x23, 0x2A, 0x31, 0x38, 0x3F, 0x46, 0x4D, 0x54, 0x5B, 0x62, 0x69, 0x70, 0x77, 0x7E, 0x85, 0x8C,
    0x93, 0x9A, 0xA1, 0xA8, 0xAF, 0xB6, 0xBD, 0xC4, 0xCB, 0xD2, 0xD9, 0xE0, 0xE7, 0xEE, 0xF5, 0xFC,
};
static const uint8_t vec_bit_ops_stack[256] = {
    0x00, 0x00, 0x00, 0x00, 0x00, 0x00, 0x00, 0x00, 0x00, 0x00, 0x00, 0x00, 0x00, 0x00, 0x00, 0x00,
    0x00, 0x00, 0x00, 0x00, 0x00, 0x00, 0x00, 0x00, 0x00, 0x00, 0x00, 0x00, 0x00, 0x00, 0x00, 0x00,
    0x00, 0x00, 0x00, 0x00, 0x00, 0x00, 0x00, 0x00, 0x00, 0x00, 0x00, 0x00, 0x00, 0x00, 0x00, 0x00,
    0x00, 0x00, 0x00, 0x00, 0x00, 0x00, 0x00, 0x00, 0x00, 0x00, 0x00, 0x00, 0x00, 0x00, 0x00, 0x00,
    0x00, 0x00, 0x00, 0x00, 0x00, 0x00, 0x00, 0x00, 0x00, 0x00, 0x00, 0x00, 0x00, 0x00, 0x00, 0x00,
    0x00, 0x00, 0x00, 0x00, 0x00, 0x00, 0x00, 0x00, 0x00, 0x00, 0x00, 0x00, 0x00, 0x00, 0x00, 0x00,
    0x00, 0x00, 0x00, 0x00, 0x00, 0x00, 0x00, 0x00, 0x00, 0x00, 0x00, 0x00, 0x00, 0x00, 0x00, 0x00,
    0x00, 0x00, 0x00, 0x00, 0x00, 0x00, 0x00, 0x00, 0x00, 0x00, 0x00, 0x00, 0x00, 0x00, 0x00, 0x00,
    0x00, 0x00, 0x00, 0x00, 0x00, 0x00, 0x00, 0x00, 0x00, 0x00, 0x00, 0x00, 0x00, 0x00, 0x00, 0x00,
    0x00, 0x00, 0x00, 0x00, 0x00, 0x00, 0x00, 0x00, 0x00, 0x00, 0x00, 0x00, 0x00, 0x00, 0x00, 0x00,
    0x00, 0x00, 0x00, 0x00, 0x00, 0x00, 0x00, 0x00, 0x00, 0x00, 0x00, 0x00, 0x00, 0x00, 0x00, 0x00,
    0x00, 0x00, 0x00, 0x00, 0x00, 0x00, 0x00, 0x00, 0x00, 0x00, 0x00, 0x00, 0x00, 0x00, 0x00, 0x00,
    0x00, 0x00, 0x00, 0x00, 0x00, 0x00, 0x00, 0x00, 0x00, 0x00, 0x00, 0x00, 0x00, 0x00, 0x00, 0x00,
    0x00, 0x00, 0x00, 0x00, 0x00, 0x00, 0x00, 0x00, 0x00, 0x00, 0x00, 0x00, 0x00, 0x00, 0x00, 0x00,
    0x00, 0x00, 0x00, 0x00, 0x00, 0x00, 0x00, 0x00, 0x00, 0x00, 0x00, 0x00, 0x00, 0x00, 0x00, 0x00,
    0x00, 0x00, 0x00, 0x00, 0x00, 0x00, 0x00, 0x00, 0x00, 0x00, 0x00, 0x00, 0x02, 0x02, 0x00, 0x00,
};

static const uint8_t vec_call_ret_code[388] = {
    0xFC, 0xBF, 0x00, 0xA0, 0x04, 0x08, 0xB9, 0x00, 0x00, 0x00, 0x00, 0xB8, 0x03, 0x00, 0x00, 0x00,
    0x88, 0x07, 0x04, 0x07, 0x47, 0x41, 0x81, 0xF9, 0x00, 0x01, 0x00, 0x00, 0x72, 0xF2, 0xB8, 0x78,
    0x56, 0x34, 0x12, 0xB9, 0xF0, 0xDE, 0xBC, 0x9A, 0xBA, 0x0F, 0x0F, 0x0F, 0x0F, 0xBB, 0x00, 0xA0,
    0x04, 0x08, 0xBD, 0x80, 0xA0, 0x04, 0x08, 0xBE, 0x00, 0xA0, 0x04, 0x08, 0xBF, 0x40, 0xA0, 0x04,
    0x08, 0xBC, 0x40, 0xB3, 0x04, 0x08, 0x68, 0x02, 0x02, 0x00, 0x00, 0x9D, 0xE9, 0x00, 0x00, 0x00,
    0x00, 0x31, 0xED, 0xE8, 0x23, 0x00, 0x00, 0x00, 0x83, 0xCD, 0x01, 0xE8, 0x1F, 0x00, 0x00, 0x00,
    0x83, 0xCD, 0x02, 0xB8, 0x89, 0x90, 0x04, 0x08, 0xFF, 0xD0, 0x83, 0xCD, 0x04, 0x89, 0x2D, 0x00,
    0xA0, 0x04, 0x08, 0x89, 0x25, 0x04, 0xA0, 0x04, 0x08, 0xEB, 0x12, 0x83, 0xCD, 0x10, 0xC3, 0x68,
    0x88, 0x88, 0x99, 0x99, 0x5A, 0x83, 0xCD, 0x20, 0xC3, 0x83, 0xCD, 0x40, 0xC3, 0x68, 0x55, 0x55,
    0xAA, 0xAA, 0xE8, 0x05, 0x00, 0x00, 0x00, 0x83, 0xC4, 0x04, 0xEB, 0x0B, 0x8B, 0x4C, 0x24, 0x04,
    0x89, 0x0D, 0x08, 0xA0, 0x04, 0x08, 0xC3, 0x68, 0x34, 0x12, 0x34, 0x12, 0xE8, 0x02, 0x00, 0x00,
    0x00, 0xEB, 0x03, 0xC2, 0x04, 0x00, 0x89, 0x25, 0x0C, 0xA0, 0x04, 0x08, 0x89, 0x25, 0x10, 0xA1,
    0x04, 0x08, 0xBC, 0x40, 0xA3, 0x04, 0x08, 0x9C, 0x8F, 0x05, 0x20, 0xA1, 0x04, 0x08, 0xA3, 0x00,
    0xA1, 0x04, 0x08, 0x89, 0x0D, 0x04, 0xA1, 0x04, 0x08, 0x89, 0x15, 0x08, 0xA1, 0x04, 0x08, 0x89,
    0x1D, 0x0C, 0xA1, 0x04, 0x08, 0x89, 0x2D, 0x14, 0xA1, 0x04, 0x08, 0x89, 0x35, 0x18, 0xA1, 0x04,
    0x08, 0x89, 0x3D, 0x1C, 0xA1, 0x04, 0x08, 0xC7, 0x05, 0x24, 0xA1, 0x04, 0x08, 0x00, 0x00, 0x00,
    0x00, 0xC7, 0x05, 0x28, 0xA1, 0x04, 0x08, 0x00, 0x00, 0x00, 0x00, 0xC7, 0x05, 0x2C, 0xA1, 0x04,
    0x08, 0x00, 0x00, 0x00, 0x00, 0x8C, 0x05, 0x24, 0xA1, 0x04, 0x08, 0x8C, 0x0D, 0x26, 0xA1, 0x04,
    0x08, 0x8C, 0x15, 0x28, 0xA1, 0x04, 0x08, 0x8C, 0x1D, 0x2A, 0xA1, 0x04, 0x08, 0x8C, 0x25, 0x2C,
    0xA1, 0x04, 0x08, 0x8C, 0x2D, 0x2E, 0xA1, 0x04, 0x08, 0xB8, 0x04, 0x00, 0x00, 0x00, 0xBB, 0x01,
    0x00, 0x00, 0x00, 0xB9, 0x00, 0xA1, 0x04, 0x08, 0xBA, 0x30, 0x00, 0x00, 0x00, 0xCD, 0x80, 0xB8,
    0x04, 0x00, 0x00, 0x00, 0xBB, 0x01, 0x00, 0x00, 0x00, 0xB9, 0x00, 0xA0, 0x04, 0x08, 0xBA, 0x00,
    0x01, 0x00, 0x00, 0xCD, 0x80, 0xB8, 0x04, 0x00, 0x00, 0x00, 0xBB, 0x01, 0x00, 0x00, 0x00, 0xB9,
    0x40, 0xB2, 0x04, 0x08, 0xBA, 0x00, 0x01, 0x00, 0x00, 0xCD, 0x80, 0xB8, 0x01, 0x00, 0x00, 0x00,
    0x31, 0xDB, 0xCD, 0x80,
};
static const uint8_t vec_call_ret_scratch[256] = {
    0x77, 0x00, 0x00, 0x00, 0x40, 0xB3, 0x04, 0x08, 0x55, 0x55, 0xAA, 0xAA, 0x40, 0xB3, 0x04, 0x08,
    0x73, 0x7A, 0x81, 0x88, 0x8F, 0x96, 0x9D, 0xA4, 0xAB, 0xB2, 0xB9, 0xC0, 0xC7, 0xCE, 0xD5, 0xDC,
    0xE3, 0xEA, 0xF1, 0xF8, 0xFF, 0x06, 0x0D, 0x14, 0x1B, 0x22, 0x29, 0x30, 0x37, 0x3E, 0x45, 0x4C,
    0x53, 0x5A, 0x61, 0x68, 0x6F, 0x76, 0x7D, 0x84, 0x8B, 0x92, 0x99, 0xA0, 0xA7, 0xAE, 0xB5, 0xBC,
    0xC3, 0xCA, 0xD1, 0xD8, 0xDF, 0xE6, 0xED, 0xF4, 0xFB, 0x02, 0x09, 0x10, 0x17, 0x1E, 0x25, 0x2C,
    0x33, 0x3A, 0x41, 0x48, 0x4F, 0x56, 0x5D, 0x64, 0x6B, 0x72, 0x79, 0x80, 0x87, 0x8E, 0x95, 0x9C,
    0xA3, 0xAA, 0xB1, 0xB8, 0xBF, 0xC6, 0xCD, 0xD4, 0xDB, 0xE2, 0xE9, 0xF0, 0xF7, 0xFE, 0x05, 0x0C,
    0x13, 0x1A, 0x21, 0x28, 0x2F, 0x36, 0x3D, 0x44, 0x4B, 0x52, 0x59, 0x60, 0x67, 0x6E, 0x75, 0x7C,
    0x83, 0x8A, 0x91, 0x98, 0x9F, 0xA6, 0xAD, 0xB4, 0xBB, 0xC2, 0xC9, 0xD0, 0xD7, 0xDE, 0xE5, 0xEC,
    0xF3, 0xFA, 0x01, 0x08, 0x0F, 0x16, 0x1D, 0x24, 0x2B, 0x32, 0x39, 0x40, 0x47, 0x4E, 0x55, 0x5C,
    0x63, 0x6A, 0x71, 0x78, 0x7F, 0x86, 0x8D, 0x94, 0x9B, 0xA2, 0xA9, 0xB0, 0xB7, 0xBE, 0xC5, 0xCC,
    0xD3, 0xDA, 0xE1, 0xE8, 0xEF, 0xF6, 0xFD, 0x04, 0x0B, 0x12, 0x19, 0x20, 0x27, 0x2E, 0x35, 0x3C,
    0x43, 0x4A, 0x51, 0x58, 0x5F, 0x66, 0x6D, 0x74, 0x7B, 0x82, 0x89, 0x90, 0x97, 0x9E, 0xA5, 0xAC,
    0xB3, 0xBA, 0xC1, 0xC8, 0xCF, 0xD6, 0xDD, 0xE4, 0xEB, 0xF2, 0xF9, 0x00, 0x07, 0x0E, 0x15, 0x1C,
    0x23, 0x2A, 0x31, 0x38, 0x3F, 0x46, 0x4D, 0x54, 0x5B, 0x62, 0x69, 0x70, 0x77, 0x7E, 0x85, 0x8C,
    0x93, 0x9A, 0xA1, 0xA8, 0xAF, 0xB6, 0xBD, 0xC4, 0xCB, 0xD2, 0xD9, 0xE0, 0xE7, 0xEE, 0xF5, 0xFC,
};
static const uint8_t vec_call_ret_stack[256] = {
    0x00, 0x00, 0x00, 0x00, 0x00, 0x00, 0x00, 0x00, 0x00, 0x00, 0x00, 0x00, 0x00, 0x00, 0x00, 0x00,
    0x00, 0x00, 0x00, 0x00, 0x00, 0x00, 0x00, 0x00, 0x00, 0x00, 0x00, 0x00, 0x00, 0x00, 0x00, 0x00,
    0x00, 0x00, 0x00, 0x00, 0x00, 0x00, 0x00, 0x00, 0x00, 0x00, 0x00, 0x00, 0x00, 0x00, 0x00, 0x00,
    0x00, 0x00, 0x00, 0x00, 0x00, 0x00, 0x00, 0x00, 0x00, 0x00, 0x00, 0x00, 0x00, 0x00, 0x00, 0x00,
    0x00, 0x00, 0x00, 0x00, 0x00, 0x00, 0x00, 0x00, 0x00, 0x00, 0x00, 0x00, 0x00, 0x00, 0x00, 0x00,
    0x00, 0x00, 0x00, 0x00, 0x00, 0x00, 0x00, 0x00, 0x00, 0x00, 0x00, 0x00, 0x00, 0x00, 0x00, 0x00,
    0x00, 0x00, 0x00, 0x00, 0x00, 0x00, 0x00, 0x00, 0x00, 0x00, 0x00, 0x00, 0x00, 0x00, 0x00, 0x00,
    0x00, 0x00, 0x00, 0x00, 0x00, 0x00, 0x00, 0x00, 0x00, 0x00, 0x00, 0x00, 0x00, 0x00, 0x00, 0x00,
    0x00, 0x00, 0x00, 0x00, 0x00, 0x00, 0x00, 0x00, 0x00, 0x00, 0x00, 0x00, 0x00, 0x00, 0x00, 0x00,
    0x00, 0x00, 0x00, 0x00, 0x00, 0x00, 0x00, 0x00, 0x00, 0x00, 0x00, 0x00, 0x00, 0x00, 0x00, 0x00,
    0x00, 0x00, 0x00, 0x00, 0x00, 0x00, 0x00, 0x00, 0x00, 0x00, 0x00, 0x00, 0x00, 0x00, 0x00, 0x00,
    0x00, 0x00, 0x00, 0x00, 0x00, 0x00, 0x00, 0x00, 0x00, 0x00, 0x00, 0x00, 0x00, 0x00, 0x00, 0x00,
    0x00, 0x00, 0x00, 0x00, 0x00, 0x00, 0x00, 0x00, 0x00, 0x00, 0x00, 0x00, 0x00, 0x00, 0x00, 0x00,
    0x00, 0x00, 0x00, 0x00, 0x00, 0x00, 0x00, 0x00, 0x00, 0x00, 0x00, 0x00, 0x00, 0x00, 0x00, 0x00,
    0x00, 0x00, 0x00, 0x00, 0x00, 0x00, 0x00, 0x00, 0x00, 0x00, 0x00, 0x00, 0x00, 0x00, 0x00, 0x00,
    0x00, 0x00, 0x00, 0x00, 0x00, 0x00, 0x00, 0x00, 0xB1, 0x90, 0x04, 0x08, 0x34, 0x12, 0x34, 0x12,
};

static const uint8_t vec_checksum_loop_code[371] = {
    0xFC, 0xBF, 0x00, 0xA0, 0x04, 0x08, 0xB9, 0x00, 0x00, 0x00, 0x00, 0xB8, 0x03, 0x00, 0x00, 0x00,
    0x88, 0x07, 0x04, 0x07, 0x47, 0x41, 0x81, 0xF9, 0x00, 0x01, 0x00, 0x00, 0x72, 0xF2, 0xB8, 0x78,
    0x56, 0x34, 0x12, 0xB9, 0xF0, 0xDE, 0xBC, 0x9A, 0xBA, 0x0F, 0x0F, 0x0F, 0x0F, 0xBB, 0x00, 0xA0,
    0x04, 0x08, 0xBD, 0x80, 0xA0, 0x04, 0x08, 0xBE, 0x00, 0xA0, 0x04, 0x08, 0xBF, 0x40, 0xA0, 0x04,
    0x08, 0xBC, 0x40, 0xB3, 0x04, 0x08, 0x68, 0x02, 0x02, 0x00, 0x00, 0x9D, 0xE9, 0x00, 0x00, 0x00,
    0x00, 0xBB, 0x00, 0xA0, 0x04, 0x08, 0x31, 0xC0, 0x31, 0xF6, 0x0F, 0xB6, 0x14, 0x33, 0x01, 0xD0,
    0xC1, 0xC0, 0x03, 0x31, 0xD0, 0x46, 0x81, 0xFE, 0x00, 0x01, 0x00, 0x00, 0x72, 0xEC, 0xA3, 0xE0,
    0xA0, 0x04, 0x08, 0xB9, 0x10, 0x00, 0x00, 0x00, 0xBE, 0x00, 0x00, 0x00, 0x00, 0xBF, 0x00, 0x00,
    0x00, 0x00, 0x8A, 0x04, 0x33, 0x8A, 0x54, 0x33, 0x01, 0x38, 0xD0, 0x76, 0x0C, 0x88, 0x14, 0x33,
    0x88, 0x44, 0x33, 0x01, 0xBF, 0x01, 0x00, 0x00, 0x00, 0x46, 0x83, 0xFE, 0x0F, 0x72, 0xE3, 0x85,
    0xFF, 0x74, 0x02, 0xE2, 0xD3, 0x89, 0x0D, 0xE4, 0xA0, 0x04, 0x08, 0x89, 0x25, 0x10, 0xA1, 0x04,
    0x08, 0xBC, 0x40, 0xA3, 0x04, 0x08, 0x9C, 0x8F, 0x05, 0x20, 0xA1, 0x04, 0x08, 0xA3, 0x00, 0xA1,
    0x04, 0x08, 0x89, 0x0D, 0x04, 0xA1, 0x04, 0x08, 0x89, 0x15, 0x08, 0xA1, 0x04, 0x08, 0x89, 0x1D,
    0x0C, 0xA1, 0x04, 0x08, 0x89, 0x2D, 0x14, 0xA1, 0x04, 0x08, 0x89, 0x35, 0x18, 0xA1, 0x04, 0x08,
    0x89, 0x3D, 0x1C, 0xA1, 0x04, 0x08, 0xC7, 0x05, 0x24, 0xA1, 0x04, 0x08, 0x00, 0x00, 0x00, 0x00,
    0xC7, 0x05, 0x28, 0xA1, 0x04, 0x08, 0x00, 0x00, 0x00, 0x00, 0xC7, 0x05, 0x2C, 0xA1, 0x04, 0x08,
    0x00, 0x00, 0x00, 0x00, 0x8C, 0x05, 0x24, 0xA1, 0x04, 0x08, 0x8C, 0x0D, 0x26, 0xA1, 0x04, 0x08,
    0x8C, 0x15, 0x28, 0xA1, 0x04, 0x08, 0x8C, 0x1D, 0x2A, 0xA1, 0x04, 0x08, 0x8C, 0x25, 0x2C, 0xA1,
    0x04, 0x08, 0x8C, 0x2D, 0x2E, 0xA1, 0x04, 0x08, 0xB8, 0x04, 0x00, 0x00, 0x00, 0xBB, 0x01, 0x00,
    0x00, 0x00, 0xB9, 0x00, 0xA1, 0x04, 0x08, 0xBA, 0x30, 0x00, 0x00, 0x00, 0xCD, 0x80, 0xB8, 0x04,
    0x00, 0x00, 0x00, 0xBB, 0x01, 0x00, 0x00, 0x00, 0xB9, 0x00, 0xA0, 0x04, 0x08, 0xBA, 0x00, 0x01,
    0x00, 0x00, 0xCD, 0x80, 0xB8, 0x04, 0x00, 0x00, 0x00, 0xBB, 0x01, 0x00, 0x00, 0x00, 0xB9, 0x40,
    0xB2, 0x04, 0x08, 0xBA, 0x00, 0x01, 0x00, 0x00, 0xCD, 0x80, 0xB8, 0x01, 0x00, 0x00, 0x00, 0x31,
    0xDB, 0xCD, 0x80,
};
static const uint8_t vec_checksum_loop_scratch[256] = {
    0x03, 0x0A, 0x11, 0x18, 0x1F, 0x26, 0x2D, 0x34, 0x3B, 0x42, 0x49, 0x50, 0x57, 0x5E, 0x65, 0x6C,
    0x73, 0x7A, 0x81, 0x88, 0x8F, 0x96, 0x9D, 0xA4, 0xAB, 0xB2, 0xB9, 0xC0, 0xC7, 0xCE, 0xD5, 0xDC,
    0xE3, 0xEA, 0xF1, 0xF8, 0xFF, 0x06, 0x0D, 0x14, 0x1B, 0x22, 0x29, 0x30, 0x37, 0x3E, 0x45, 0x4C,
    0x53, 0x5A, 0x61, 0x68, 0x6F, 0x76, 0x7D, 0x84, 0x8B, 0x92, 0x99, 0xA0, 0xA7, 0xAE, 0xB5, 0xBC,
    0xC3, 0xCA, 0xD1, 0xD8, 0xDF, 0xE6, 0xED, 0xF4, 0xFB, 0x02, 0x09, 0x10, 0x17, 0x1E, 0x25, 0x2C,
    0x33, 0x3A, 0x41, 0x48, 0x4F, 0x56, 0x5D, 0x64, 0x6B, 0x72, 0x79, 0x80, 0x87, 0x8E, 0x95, 0x9C,
    0xA3, 0xAA, 0xB1, 0xB8, 0xBF, 0xC6, 0xCD, 0xD4, 0xDB, 0xE2, 0xE9, 0xF0, 0xF7, 0xFE, 0x05, 0x0C,
    0x13, 0x1A, 0x21, 0x28, 0x2F, 0x36, 0x3D, 0x44, 0x4B, 0x52, 0x59, 0x60, 0x67, 0x6E, 0x75, 0x7C,
    0x83, 0x8A, 0x91, 0x98, 0x9F, 0xA6, 0xAD, 0xB4, 0xBB, 0xC2, 0xC9, 0xD0, 0xD7, 0xDE, 0xE5, 0xEC,
    0xF3, 0xFA, 0x01, 0x08, 0x0F, 0x16, 0x1D, 0x24, 0x2B, 0x32, 0x39, 0x40, 0x47, 0x4E, 0x55, 0x5C,
    0x63, 0x6A, 0x71, 0x78, 0x7F, 0x86, 0x8D, 0x94, 0x9B, 0xA2, 0xA9, 0xB0, 0xB7, 0xBE, 0xC5, 0xCC,
    0xD3, 0xDA, 0xE1, 0xE8, 0xEF, 0xF6, 0xFD, 0x04, 0x0B, 0x12, 0x19, 0x20, 0x27, 0x2E, 0x35, 0x3C,
    0x43, 0x4A, 0x51, 0x58, 0x5F, 0x66, 0x6D, 0x74, 0x7B, 0x82, 0x89, 0x90, 0x97, 0x9E, 0xA5, 0xAC,
    0xB3, 0xBA, 0xC1, 0xC8, 0xCF, 0xD6, 0xDD, 0xE4, 0xEB, 0xF2, 0xF9, 0x00, 0x07, 0x0E, 0x15, 0x1C,
    0x9E, 0x02, 0x1E, 0xC3, 0x10, 0x00, 0x00, 0x00, 0x5B, 0x62, 0x69, 0x70, 0x77, 0x7E, 0x85, 0x8C,
    0x93, 0x9A, 0xA1, 0xA8, 0xAF, 0xB6, 0xBD, 0xC4, 0xCB, 0xD2, 0xD9, 0xE0, 0xE7, 0xEE, 0xF5, 0xFC,
};
static const uint8_t vec_checksum_loop_stack[256] = {
    0x00, 0x00, 0x00, 0x00, 0x00, 0x00, 0x00, 0x00, 0x00, 0x00, 0x00, 0x00, 0x00, 0x00, 0x00, 0x00,
    0x00, 0x00, 0x00, 0x00, 0x00, 0x00, 0x00, 0x00, 0x00, 0x00, 0x00, 0x00, 0x00, 0x00, 0x00, 0x00,
    0x00, 0x00, 0x00, 0x00, 0x00, 0x00, 0x00, 0x00, 0x00, 0x00, 0x00, 0x00, 0x00, 0x00, 0x00, 0x00,
    0x00, 0x00, 0x00, 0x00, 0x00, 0x00, 0x00, 0x00, 0x00, 0x00, 0x00, 0x00, 0x00, 0x00, 0x00, 0x00,
    0x00, 0x00, 0x00, 0x00, 0x00, 0x00, 0x00, 0x00, 0x00, 0x00, 0x00, 0x00, 0x00, 0x00, 0x00, 0x00,
    0x00, 0x00, 0x00, 0x00, 0x00, 0x00, 0x00, 0x00, 0x00, 0x00, 0x00, 0x00, 0x00, 0x00, 0x00, 0x00,
    0x00, 0x00, 0x00, 0x00, 0x00, 0x00, 0x00, 0x00, 0x00, 0x00, 0x00, 0x00, 0x00, 0x00, 0x00, 0x00,
    0x00, 0x00, 0x00, 0x00, 0x00, 0x00, 0x00, 0x00, 0x00, 0x00, 0x00, 0x00, 0x00, 0x00, 0x00, 0x00,
    0x00, 0x00, 0x00, 0x00, 0x00, 0x00, 0x00, 0x00, 0x00, 0x00, 0x00, 0x00, 0x00, 0x00, 0x00, 0x00,
    0x00, 0x00, 0x00, 0x00, 0x00, 0x00, 0x00, 0x00, 0x00, 0x00, 0x00, 0x00, 0x00, 0x00, 0x00, 0x00,
    0x00, 0x00, 0x00, 0x00, 0x00, 0x00, 0x00, 0x00, 0x00, 0x00, 0x00, 0x00, 0x00, 0x00, 0x00, 0x00,
    0x00, 0x00, 0x00, 0x00, 0x00, 0x00, 0x00, 0x00, 0x00, 0x00, 0x00, 0x00, 0x00, 0x00, 0x00, 0x00,
    0x00, 0x00, 0x00, 0x00, 0x00, 0x00, 0x00, 0x00, 0x00, 0x00, 0x00, 0x00, 0x00, 0x00, 0x00, 0x00,
    0x00, 0x00, 0x00, 0x00, 0x00, 0x00, 0x00, 0x00, 0x00, 0x00, 0x00, 0x00, 0x00, 0x00, 0x00, 0x00,
    0x00, 0x00, 0x00, 0x00, 0x00, 0x00, 0x00, 0x00, 0x00, 0x00, 0x00, 0x00, 0x00, 0x00, 0x00, 0x00,
    0x00, 0x00, 0x00, 0x00, 0x00, 0x00, 0x00, 0x00, 0x00, 0x00, 0x00, 0x00, 0x02, 0x02, 0x00, 0x00,
};

static const uint8_t vec_cmovcc_code[360] = {
    0xFC, 0xBF, 0x00, 0xA0, 0x04, 0x08, 0xB9, 0x00, 0x00, 0x00, 0x00, 0xB8, 0x03, 0x00, 0x00, 0x00,
    0x88, 0x07, 0x04, 0x07, 0x47, 0x41, 0x81, 0xF9, 0x00, 0x01, 0x00, 0x00, 0x72, 0xF2, 0xB8, 0x78,
    0x56, 0x34, 0x12, 0xB9, 0xF0, 0xDE, 0xBC, 0x9A, 0xBA, 0x0F, 0x0F, 0x0F, 0x0F, 0xBB, 0x00, 0xA0,
    0x04, 0x08, 0xBD, 0x80, 0xA0, 0x04, 0x08, 0xBE, 0x00, 0xA0, 0x04, 0x08, 0xBF, 0x40, 0xA0, 0x04,
    0x08, 0xBC, 0x40, 0xB3, 0x04, 0x08, 0x68, 0x02, 0x02, 0x00, 0x00, 0x9D, 0xE9, 0x00, 0x00, 0x00,
    0x00, 0xB8, 0x11, 0x11, 0x11, 0x11, 0xBB, 0x22, 0x22, 0x22, 0x22, 0xB9, 0x05, 0x00, 0x00, 0x00,
    0x83, 0xF9, 0x07, 0x0F, 0x42, 0xC3, 0xA3, 0x00, 0xA0, 0x04, 0x08, 0xB8, 0x11, 0x11, 0x11, 0x11,
    0x0F, 0x47, 0xC3, 0xA3, 0x04, 0xA0, 0x04, 0x08, 0xB8, 0x33, 0x33, 0x33, 0x33, 0x39, 0xC9, 0x0F,
    0x44, 0xC3, 0xA3, 0x08, 0xA0, 0x04, 0x08, 0x0F, 0x45, 0xC3, 0xA3, 0x0C, 0xA0, 0x04, 0x08, 0xB8,
    0x44, 0x44, 0x44, 0x44, 0x0F, 0x48, 0x05, 0x00, 0xA0, 0x04, 0x08, 0xA3, 0x10, 0xA0, 0x04, 0x08,
    0x89, 0x25, 0x10, 0xA1, 0x04, 0x08, 0xBC, 0x40, 0xA3, 0x04, 0x08, 0x9C, 0x8F, 0x05, 0x20, 0xA1,
    0x04, 0x08, 0xA3, 0x00, 0xA1, 0x04, 0x08, 0x89, 0x0D, 0x04, 0xA1, 0x04, 0x08, 0x89, 0x15, 0x08,
    0xA1, 0x04, 0x08, 0x89, 0x1D, 0x0C, 0xA1, 0x04, 0x08, 0x89, 0x2D, 0x14, 0xA1, 0x04, 0x08, 0x89,
    0x35, 0x18, 0xA1, 0x04, 0x08, 0x89, 0x3D, 0x1C, 0xA1, 0x04, 0x08, 0xC7, 0x05, 0x24, 0xA1, 0x04,
    0x08, 0x00, 0x00, 0x00, 0x00, 0xC7, 0x05, 0x28, 0xA1, 0x04, 0x08, 0x00, 0x00, 0x00, 0x00, 0xC7,
    0x05, 0x2C, 0xA1, 0x04, 0x08, 0x00, 0x00, 0x00, 0x00, 0x8C, 0x05, 0x24, 0xA1, 0x04, 0x08, 0x8C,
    0x0D, 0x26, 0xA1, 0x04, 0x08, 0x8C, 0x15, 0x28, 0xA1, 0x04, 0x08, 0x8C, 0x1D, 0x2A, 0xA1, 0x04,
    0x08, 0x8C, 0x25, 0x2C, 0xA1, 0x04, 0x08, 0x8C, 0x2D, 0x2E, 0xA1, 0x04, 0x08, 0xB8, 0x04, 0x00,
    0x00, 0x00, 0xBB, 0x01, 0x00, 0x00, 0x00, 0xB9, 0x00, 0xA1, 0x04, 0x08, 0xBA, 0x30, 0x00, 0x00,
    0x00, 0xCD, 0x80, 0xB8, 0x04, 0x00, 0x00, 0x00, 0xBB, 0x01, 0x00, 0x00, 0x00, 0xB9, 0x00, 0xA0,
    0x04, 0x08, 0xBA, 0x00, 0x01, 0x00, 0x00, 0xCD, 0x80, 0xB8, 0x04, 0x00, 0x00, 0x00, 0xBB, 0x01,
    0x00, 0x00, 0x00, 0xB9, 0x40, 0xB2, 0x04, 0x08, 0xBA, 0x00, 0x01, 0x00, 0x00, 0xCD, 0x80, 0xB8,
    0x01, 0x00, 0x00, 0x00, 0x31, 0xDB, 0xCD, 0x80,
};
static const uint8_t vec_cmovcc_scratch[256] = {
    0x22, 0x22, 0x22, 0x22, 0x11, 0x11, 0x11, 0x11, 0x22, 0x22, 0x22, 0x22, 0x22, 0x22, 0x22, 0x22,
    0x44, 0x44, 0x44, 0x44, 0x8F, 0x96, 0x9D, 0xA4, 0xAB, 0xB2, 0xB9, 0xC0, 0xC7, 0xCE, 0xD5, 0xDC,
    0xE3, 0xEA, 0xF1, 0xF8, 0xFF, 0x06, 0x0D, 0x14, 0x1B, 0x22, 0x29, 0x30, 0x37, 0x3E, 0x45, 0x4C,
    0x53, 0x5A, 0x61, 0x68, 0x6F, 0x76, 0x7D, 0x84, 0x8B, 0x92, 0x99, 0xA0, 0xA7, 0xAE, 0xB5, 0xBC,
    0xC3, 0xCA, 0xD1, 0xD8, 0xDF, 0xE6, 0xED, 0xF4, 0xFB, 0x02, 0x09, 0x10, 0x17, 0x1E, 0x25, 0x2C,
    0x33, 0x3A, 0x41, 0x48, 0x4F, 0x56, 0x5D, 0x64, 0x6B, 0x72, 0x79, 0x80, 0x87, 0x8E, 0x95, 0x9C,
    0xA3, 0xAA, 0xB1, 0xB8, 0xBF, 0xC6, 0xCD, 0xD4, 0xDB, 0xE2, 0xE9, 0xF0, 0xF7, 0xFE, 0x05, 0x0C,
    0x13, 0x1A, 0x21, 0x28, 0x2F, 0x36, 0x3D, 0x44, 0x4B, 0x52, 0x59, 0x60, 0x67, 0x6E, 0x75, 0x7C,
    0x83, 0x8A, 0x91, 0x98, 0x9F, 0xA6, 0xAD, 0xB4, 0xBB, 0xC2, 0xC9, 0xD0, 0xD7, 0xDE, 0xE5, 0xEC,
    0xF3, 0xFA, 0x01, 0x08, 0x0F, 0x16, 0x1D, 0x24, 0x2B, 0x32, 0x39, 0x40, 0x47, 0x4E, 0x55, 0x5C,
    0x63, 0x6A, 0x71, 0x78, 0x7F, 0x86, 0x8D, 0x94, 0x9B, 0xA2, 0xA9, 0xB0, 0xB7, 0xBE, 0xC5, 0xCC,
    0xD3, 0xDA, 0xE1, 0xE8, 0xEF, 0xF6, 0xFD, 0x04, 0x0B, 0x12, 0x19, 0x20, 0x27, 0x2E, 0x35, 0x3C,
    0x43, 0x4A, 0x51, 0x58, 0x5F, 0x66, 0x6D, 0x74, 0x7B, 0x82, 0x89, 0x90, 0x97, 0x9E, 0xA5, 0xAC,
    0xB3, 0xBA, 0xC1, 0xC8, 0xCF, 0xD6, 0xDD, 0xE4, 0xEB, 0xF2, 0xF9, 0x00, 0x07, 0x0E, 0x15, 0x1C,
    0x23, 0x2A, 0x31, 0x38, 0x3F, 0x46, 0x4D, 0x54, 0x5B, 0x62, 0x69, 0x70, 0x77, 0x7E, 0x85, 0x8C,
    0x93, 0x9A, 0xA1, 0xA8, 0xAF, 0xB6, 0xBD, 0xC4, 0xCB, 0xD2, 0xD9, 0xE0, 0xE7, 0xEE, 0xF5, 0xFC,
};
static const uint8_t vec_cmovcc_stack[256] = {
    0x00, 0x00, 0x00, 0x00, 0x00, 0x00, 0x00, 0x00, 0x00, 0x00, 0x00, 0x00, 0x00, 0x00, 0x00, 0x00,
    0x00, 0x00, 0x00, 0x00, 0x00, 0x00, 0x00, 0x00, 0x00, 0x00, 0x00, 0x00, 0x00, 0x00, 0x00, 0x00,
    0x00, 0x00, 0x00, 0x00, 0x00, 0x00, 0x00, 0x00, 0x00, 0x00, 0x00, 0x00, 0x00, 0x00, 0x00, 0x00,
    0x00, 0x00, 0x00, 0x00, 0x00, 0x00, 0x00, 0x00, 0x00, 0x00, 0x00, 0x00, 0x00, 0x00, 0x00, 0x00,
    0x00, 0x00, 0x00, 0x00, 0x00, 0x00, 0x00, 0x00, 0x00, 0x00, 0x00, 0x00, 0x00, 0x00, 0x00, 0x00,
    0x00, 0x00, 0x00, 0x00, 0x00, 0x00, 0x00, 0x00, 0x00, 0x00, 0x00, 0x00, 0x00, 0x00, 0x00, 0x00,
    0x00, 0x00, 0x00, 0x00, 0x00, 0x00, 0x00, 0x00, 0x00, 0x00, 0x00, 0x00, 0x00, 0x00, 0x00, 0x00,
    0x00, 0x00, 0x00, 0x00, 0x00, 0x00, 0x00, 0x00, 0x00, 0x00, 0x00, 0x00, 0x00, 0x00, 0x00, 0x00,
    0x00, 0x00, 0x00, 0x00, 0x00, 0x00, 0x00, 0x00, 0x00, 0x00, 0x00, 0x00, 0x00, 0x00, 0x00, 0x00,
    0x00, 0x00, 0x00, 0x00, 0x00, 0x00, 0x00, 0x00, 0x00, 0x00, 0x00, 0x00, 0x00, 0x00, 0x00, 0x00,
    0x00, 0x00, 0x00, 0x00, 0x00, 0x00, 0x00, 0x00, 0x00, 0x00, 0x00, 0x00, 0x00, 0x00, 0x00, 0x00,
    0x00, 0x00, 0x00, 0x00, 0x00, 0x00, 0x00, 0x00, 0x00, 0x00, 0x00, 0x00, 0x00, 0x00, 0x00, 0x00,
    0x00, 0x00, 0x00, 0x00, 0x00, 0x00, 0x00, 0x00, 0x00, 0x00, 0x00, 0x00, 0x00, 0x00, 0x00, 0x00,
    0x00, 0x00, 0x00, 0x00, 0x00, 0x00, 0x00, 0x00, 0x00, 0x00, 0x00, 0x00, 0x00, 0x00, 0x00, 0x00,
    0x00, 0x00, 0x00, 0x00, 0x00, 0x00, 0x00, 0x00, 0x00, 0x00, 0x00, 0x00, 0x00, 0x00, 0x00, 0x00,
    0x00, 0x00, 0x00, 0x00, 0x00, 0x00, 0x00, 0x00, 0x00, 0x00, 0x00, 0x00, 0x02, 0x02, 0x00, 0x00,
};

static const uint8_t vec_cond_jcc_code[385] = {
    0xFC, 0xBF, 0x00, 0xA0, 0x04, 0x08, 0xB9, 0x00, 0x00, 0x00, 0x00, 0xB8, 0x03, 0x00, 0x00, 0x00,
    0x88, 0x07, 0x04, 0x07, 0x47, 0x41, 0x81, 0xF9, 0x00, 0x01, 0x00, 0x00, 0x72, 0xF2, 0xB8, 0x78,
    0x56, 0x34, 0x12, 0xB9, 0xF0, 0xDE, 0xBC, 0x9A, 0xBA, 0x0F, 0x0F, 0x0F, 0x0F, 0xBB, 0x00, 0xA0,
    0x04, 0x08, 0xBD, 0x80, 0xA0, 0x04, 0x08, 0xBE, 0x00, 0xA0, 0x04, 0x08, 0xBF, 0x40, 0xA0, 0x04,
    0x08, 0xBC, 0x40, 0xB3, 0x04, 0x08, 0x68, 0x02, 0x02, 0x00, 0x00, 0x9D, 0xE9, 0x00, 0x00, 0x00,
    0x00, 0x31, 0xED, 0xB8, 0x05, 0x00, 0x00, 0x00, 0x83, 0xF8, 0x07, 0x72, 0x03, 0x83, 0xCD, 0x01,
    0x7C, 0x03, 0x83, 0xCD, 0x02, 0x75, 0x03, 0x83, 0xCD, 0x04, 0xB8, 0xFF, 0xFF, 0xFF, 0xFF, 0x83,
    0xF8, 0x01, 0x77, 0x03, 0x83, 0xCD, 0x08, 0x7F, 0x03, 0x83, 0xCD, 0x10, 0xB8, 0x00, 0x00, 0x00,
    0x00, 0x85, 0xC0, 0x74, 0x03, 0x83, 0xCD, 0x20, 0xB8, 0xFF, 0xFF, 0xFF, 0x7F, 0x83, 0xC0, 0x01,
    0x70, 0x03, 0x83, 0xCD, 0x40, 0x78, 0x06, 0x81, 0xCD, 0x80, 0x00, 0x00, 0x00, 0x89, 0x2D, 0x00,
    0xA0, 0x04, 0x08, 0xEB, 0x0A, 0xC7, 0x05, 0x04, 0xA0, 0x04, 0x08, 0xAD, 0xDE, 0xAD, 0xDE, 0xC7,
    0x05, 0x04, 0xA0, 0x04, 0x08, 0x0D, 0x60, 0x0D, 0x60, 0x89, 0x25, 0x10, 0xA1, 0x04, 0x08, 0xBC,
    0x40, 0xA3, 0x04, 0x08, 0x9C, 0x8F, 0x05, 0x20, 0xA1, 0x04, 0x08, 0xA3, 0x00, 0xA1, 0x04, 0x08,
    0x89, 0x0D, 0x04, 0xA1, 0x04, 0x08, 0x89, 0x15, 0x08, 0xA1, 0x04, 0x08, 0x89, 0x1D, 0x0C, 0xA1,
    0x04, 0x08, 0x89, 0x2D, 0x14, 0xA1, 0x04, 0x08, 0x89, 0x35, 0x18, 0xA1, 0x04, 0x08, 0x89, 0x3D,
    0x1C, 0xA1, 0x04, 0x08, 0xC7, 0x05, 0x24, 0xA1, 0x04, 0x08, 0x00, 0x00, 0x00, 0x00, 0xC7, 0x05,
    0x28, 0xA1, 0x04, 0x08, 0x00, 0x00, 0x00, 0x00, 0xC7, 0x05, 0x2C, 0xA1, 0x04, 0x08, 0x00, 0x00,
    0x00, 0x00, 0x8C, 0x05, 0x24, 0xA1, 0x04, 0x08, 0x8C, 0x0D, 0x26, 0xA1, 0x04, 0x08, 0x8C, 0x15,
    0x28, 0xA1, 0x04, 0x08, 0x8C, 0x1D, 0x2A, 0xA1, 0x04, 0x08, 0x8C, 0x25, 0x2C, 0xA1, 0x04, 0x08,
    0x8C, 0x2D, 0x2E, 0xA1, 0x04, 0x08, 0xB8, 0x04, 0x00, 0x00, 0x00, 0xBB, 0x01, 0x00, 0x00, 0x00,
    0xB9, 0x00, 0xA1, 0x04, 0x08, 0xBA, 0x30, 0x00, 0x00, 0x00, 0xCD, 0x80, 0xB8, 0x04, 0x00, 0x00,
    0x00, 0xBB, 0x01, 0x00, 0x00, 0x00, 0xB9, 0x00, 0xA0, 0x04, 0x08, 0xBA, 0x00, 0x01, 0x00, 0x00,
    0xCD, 0x80, 0xB8, 0x04, 0x00, 0x00, 0x00, 0xBB, 0x01, 0x00, 0x00, 0x00, 0xB9, 0x40, 0xB2, 0x04,
    0x08, 0xBA, 0x00, 0x01, 0x00, 0x00, 0xCD, 0x80, 0xB8, 0x01, 0x00, 0x00, 0x00, 0x31, 0xDB, 0xCD,
    0x80,
};
static const uint8_t vec_cond_jcc_scratch[256] = {
    0x10, 0x00, 0x00, 0x00, 0x0D, 0x60, 0x0D, 0x60, 0x3B, 0x42, 0x49, 0x50, 0x57, 0x5E, 0x65, 0x6C,
    0x73, 0x7A, 0x81, 0x88, 0x8F, 0x96, 0x9D, 0xA4, 0xAB, 0xB2, 0xB9, 0xC0, 0xC7, 0xCE, 0xD5, 0xDC,
    0xE3, 0xEA, 0xF1, 0xF8, 0xFF, 0x06, 0x0D, 0x14, 0x1B, 0x22, 0x29, 0x30, 0x37, 0x3E, 0x45, 0x4C,
    0x53, 0x5A, 0x61, 0x68, 0x6F, 0x76, 0x7D, 0x84, 0x8B, 0x92, 0x99, 0xA0, 0xA7, 0xAE, 0xB5, 0xBC,
    0xC3, 0xCA, 0xD1, 0xD8, 0xDF, 0xE6, 0xED, 0xF4, 0xFB, 0x02, 0x09, 0x10, 0x17, 0x1E, 0x25, 0x2C,
    0x33, 0x3A, 0x41, 0x48, 0x4F, 0x56, 0x5D, 0x64, 0x6B, 0x72, 0x79, 0x80, 0x87, 0x8E, 0x95, 0x9C,
    0xA3, 0xAA, 0xB1, 0xB8, 0xBF, 0xC6, 0xCD, 0xD4, 0xDB, 0xE2, 0xE9, 0xF0, 0xF7, 0xFE, 0x05, 0x0C,
    0x13, 0x1A, 0x21, 0x28, 0x2F, 0x36, 0x3D, 0x44, 0x4B, 0x52, 0x59, 0x60, 0x67, 0x6E, 0x75, 0x7C,
    0x83, 0x8A, 0x91, 0x98, 0x9F, 0xA6, 0xAD, 0xB4, 0xBB, 0xC2, 0xC9, 0xD0, 0xD7, 0xDE, 0xE5, 0xEC,
    0xF3, 0xFA, 0x01, 0x08, 0x0F, 0x16, 0x1D, 0x24, 0x2B, 0x32, 0x39, 0x40, 0x47, 0x4E, 0x55, 0x5C,
    0x63, 0x6A, 0x71, 0x78, 0x7F, 0x86, 0x8D, 0x94, 0x9B, 0xA2, 0xA9, 0xB0, 0xB7, 0xBE, 0xC5, 0xCC,
    0xD3, 0xDA, 0xE1, 0xE8, 0xEF, 0xF6, 0xFD, 0x04, 0x0B, 0x12, 0x19, 0x20, 0x27, 0x2E, 0x35, 0x3C,
    0x43, 0x4A, 0x51, 0x58, 0x5F, 0x66, 0x6D, 0x74, 0x7B, 0x82, 0x89, 0x90, 0x97, 0x9E, 0xA5, 0xAC,
    0xB3, 0xBA, 0xC1, 0xC8, 0xCF, 0xD6, 0xDD, 0xE4, 0xEB, 0xF2, 0xF9, 0x00, 0x07, 0x0E, 0x15, 0x1C,
    0x23, 0x2A, 0x31, 0x38, 0x3F, 0x46, 0x4D, 0x54, 0x5B, 0x62, 0x69, 0x70, 0x77, 0x7E, 0x85, 0x8C,
    0x93, 0x9A, 0xA1, 0xA8, 0xAF, 0xB6, 0xBD, 0xC4, 0xCB, 0xD2, 0xD9, 0xE0, 0xE7, 0xEE, 0xF5, 0xFC,
};
static const uint8_t vec_cond_jcc_stack[256] = {
    0x00, 0x00, 0x00, 0x00, 0x00, 0x00, 0x00, 0x00, 0x00, 0x00, 0x00, 0x00, 0x00, 0x00, 0x00, 0x00,
    0x00, 0x00, 0x00, 0x00, 0x00, 0x00, 0x00, 0x00, 0x00, 0x00, 0x00, 0x00, 0x00, 0x00, 0x00, 0x00,
    0x00, 0x00, 0x00, 0x00, 0x00, 0x00, 0x00, 0x00, 0x00, 0x00, 0x00, 0x00, 0x00, 0x00, 0x00, 0x00,
    0x00, 0x00, 0x00, 0x00, 0x00, 0x00, 0x00, 0x00, 0x00, 0x00, 0x00, 0x00, 0x00, 0x00, 0x00, 0x00,
    0x00, 0x00, 0x00, 0x00, 0x00, 0x00, 0x00, 0x00, 0x00, 0x00, 0x00, 0x00, 0x00, 0x00, 0x00, 0x00,
    0x00, 0x00, 0x00, 0x00, 0x00, 0x00, 0x00, 0x00, 0x00, 0x00, 0x00, 0x00, 0x00, 0x00, 0x00, 0x00,
    0x00, 0x00, 0x00, 0x00, 0x00, 0x00, 0x00, 0x00, 0x00, 0x00, 0x00, 0x00, 0x00, 0x00, 0x00, 0x00,
    0x00, 0x00, 0x00, 0x00, 0x00, 0x00, 0x00, 0x00, 0x00, 0x00, 0x00, 0x00, 0x00, 0x00, 0x00, 0x00,
    0x00, 0x00, 0x00, 0x00, 0x00, 0x00, 0x00, 0x00, 0x00, 0x00, 0x00, 0x00, 0x00, 0x00, 0x00, 0x00,
    0x00, 0x00, 0x00, 0x00, 0x00, 0x00, 0x00, 0x00, 0x00, 0x00, 0x00, 0x00, 0x00, 0x00, 0x00, 0x00,
    0x00, 0x00, 0x00, 0x00, 0x00, 0x00, 0x00, 0x00, 0x00, 0x00, 0x00, 0x00, 0x00, 0x00, 0x00, 0x00,
    0x00, 0x00, 0x00, 0x00, 0x00, 0x00, 0x00, 0x00, 0x00, 0x00, 0x00, 0x00, 0x00, 0x00, 0x00, 0x00,
    0x00, 0x00, 0x00, 0x00, 0x00, 0x00, 0x00, 0x00, 0x00, 0x00, 0x00, 0x00, 0x00, 0x00, 0x00, 0x00,
    0x00, 0x00, 0x00, 0x00, 0x00, 0x00, 0x00, 0x00, 0x00, 0x00, 0x00, 0x00, 0x00, 0x00, 0x00, 0x00,
    0x00, 0x00, 0x00, 0x00, 0x00, 0x00, 0x00, 0x00, 0x00, 0x00, 0x00, 0x00, 0x00, 0x00, 0x00, 0x00,
    0x00, 0x00, 0x00, 0x00, 0x00, 0x00, 0x00, 0x00, 0x00, 0x00, 0x00, 0x00, 0x02, 0x02, 0x00, 0x00,
};

static const uint8_t vec_cond_setcc_code[452] = {
    0xFC, 0xBF, 0x00, 0xA0, 0x04, 0x08, 0xB9, 0x00, 0x00, 0x00, 0x00, 0xB8, 0x03, 0x00, 0x00, 0x00,
    0x88, 0x07, 0x04, 0x07, 0x47, 0x41, 0x81, 0xF9, 0x00, 0x01, 0x00, 0x00, 0x72, 0xF2, 0xB8, 0x78,
    0x56, 0x34, 0x12, 0xB9, 0xF0, 0xDE, 0xBC, 0x9A, 0xBA, 0x0F, 0x0F, 0x0F, 0x0F, 0xBB, 0x00, 0xA0,
    0x04, 0x08, 0xBD, 0x80, 0xA0, 0x04, 0x08, 0xBE, 0x00, 0xA0, 0x04, 0x08, 0xBF, 0x40, 0xA0, 0x04,
    0x08, 0xBC, 0x40, 0xB3, 0x04, 0x08, 0x68, 0x02, 0x02, 0x00, 0x00, 0x9D, 0xE9, 0x00, 0x00, 0x00,
    0x00, 0xB8, 0x05, 0x00, 0x00, 0x00, 0x83, 0xF8, 0x07, 0x0F, 0x90, 0x05, 0x00, 0xA0, 0x04, 0x08,
    0x0F, 0x91, 0x05, 0x01, 0xA0, 0x04, 0x08, 0x0F, 0x92, 0x05, 0x02, 0xA0, 0x04, 0x08, 0x0F, 0x93,
    0x05, 0x03, 0xA0, 0x04, 0x08, 0x0F, 0x94, 0x05, 0x04, 0xA0, 0x04, 0x08, 0x0F, 0x95, 0x05, 0x05,
    0xA0, 0x04, 0x08, 0x0F, 0x96, 0x05, 0x06, 0xA0, 0x04, 0x08, 0x0F, 0x97, 0x05, 0x07, 0xA0, 0x04,
    0x08, 0x0F, 0x98, 0x05, 0x08, 0xA0, 0x04, 0x08, 0x0F, 0x99, 0x05, 0x09, 0xA0, 0x04, 0x08, 0x0F,
    0x9A, 0x05, 0x0A, 0xA0, 0x04, 0x08, 0x0F, 0x9B, 0x05, 0x0B, 0xA0, 0x04, 0x08, 0x0F, 0x9C, 0x05,
    0x0C, 0xA0, 0x04, 0x08, 0x0F, 0x9D, 0x05, 0x0D, 0xA0, 0x04, 0x08, 0x0F, 0x9E, 0x05, 0x0E, 0xA0,
    0x04, 0x08, 0x0F, 0x9F, 0x05, 0x0F, 0xA0, 0x04, 0x08, 0xB8, 0xFB, 0xFF, 0xFF, 0xFF, 0x83, 0xF8,
    0x07, 0x0F, 0x92, 0x05, 0x10, 0xA0, 0x04, 0x08, 0x0F, 0x9C, 0x05, 0x11, 0xA0, 0x04, 0x08, 0x0F,
    0x9F, 0x05, 0x12, 0xA0, 0x04, 0x08, 0xB8, 0xFF, 0xFF, 0xFF, 0x7F, 0x83, 0xC0, 0x01, 0x0F, 0x90,
    0x05, 0x13, 0xA0, 0x04, 0x08, 0x0F, 0x9C, 0x05, 0x14, 0xA0, 0x04, 0x08, 0x89, 0x25, 0x10, 0xA1,
    0x04, 0x08, 0xBC, 0x40, 0xA3, 0x04, 0x08, 0x9C, 0x8F, 0x05, 0x20, 0xA1, 0x04, 0x08, 0xA3, 0x00,
    0xA1, 0x04, 0x08, 0x89, 0x0D, 0x04, 0xA1, 0x04, 0x08, 0x89, 0x15, 0x08, 0xA1, 0x04, 0x08, 0x89,
    0x1D, 0x0C, 0xA1, 0x04, 0x08, 0x89, 0x2D, 0x14, 0xA1, 0x04, 0x08, 0x89, 0x35, 0x18, 0xA1, 0x04,
    0x08, 0x89, 0x3D, 0x1C, 0xA1, 0x04, 0x08, 0xC7, 0x05, 0x24, 0xA1, 0x04, 0x08, 0x00, 0x00, 0x00,
    0x00, 0xC7, 0x05, 0x28, 0xA1, 0x04, 0x08, 0x00, 0x00, 0x00, 0x00, 0xC7, 0x05, 0x2C, 0xA1, 0x04,
    0x08, 0x00, 0x00, 0x00, 0x00, 0x8C, 0x05, 0x24, 0xA1, 0x04, 0x08, 0x8C, 0x0D, 0x26, 0xA1, 0x04,
    0x08, 0x8C, 0x15, 0x28, 0xA1, 0x04, 0x08, 0x8C, 0x1D, 0x2A, 0xA1, 0x04, 0x08, 0x8C, 0x25, 0x2C,
    0xA1, 0x04, 0x08, 0x8C, 0x2D, 0x2E, 0xA1, 0x04, 0x08, 0xB8, 0x04, 0x00, 0x00, 0x00, 0xBB, 0x01,
    0x00, 0x00, 0x00, 0xB9, 0x00, 0xA1, 0x04, 0x08, 0xBA, 0x30, 0x00, 0x00, 0x00, 0xCD, 0x80, 0xB8,
    0x04, 0x00, 0x00, 0x00, 0xBB, 0x01, 0x00, 0x00, 0x00, 0xB9, 0x00, 0xA0, 0x04, 0x08, 0xBA, 0x00,
    0x01, 0x00, 0x00, 0xCD, 0x80, 0xB8, 0x04, 0x00, 0x00, 0x00, 0xBB, 0x01, 0x00, 0x00, 0x00, 0xB9,
    0x40, 0xB2, 0x04, 0x08, 0xBA, 0x00, 0x01, 0x00, 0x00, 0xCD, 0x80, 0xB8, 0x01, 0x00, 0x00, 0x00,
    0x31, 0xDB, 0xCD, 0x80,
};
static const uint8_t vec_cond_setcc_scratch[256] = {
    0x00, 0x01, 0x01, 0x00, 0x00, 0x01, 0x01, 0x00, 0x01, 0x00, 0x00, 0x01, 0x01, 0x00, 0x01, 0x00,
    0x00, 0x01, 0x00, 0x01, 0x00, 0x96, 0x9D, 0xA4, 0xAB, 0xB2, 0xB9, 0xC0, 0xC7, 0xCE, 0xD5, 0xDC,
    0xE3, 0xEA, 0xF1, 0xF8, 0xFF, 0x06, 0x0D, 0x14, 0x1B, 0x22, 0x29, 0x30, 0x37, 0x3E, 0x45, 0x4C,
    0x53, 0x5A, 0x61, 0x68, 0x6F, 0x76, 0x7D, 0x84, 0x8B, 0x92, 0x99, 0xA0, 0xA7, 0xAE, 0xB5, 0xBC,
    0xC3, 0xCA, 0xD1, 0xD8, 0xDF, 0xE6, 0xED, 0xF4, 0xFB, 0x02, 0x09, 0x10, 0x17, 0x1E, 0x25, 0x2C,
    0x33, 0x3A, 0x41, 0x48, 0x4F, 0x56, 0x5D, 0x64, 0x6B, 0x72, 0x79, 0x80, 0x87, 0x8E, 0x95, 0x9C,
    0xA3, 0xAA, 0xB1, 0xB8, 0xBF, 0xC6, 0xCD, 0xD4, 0xDB, 0xE2, 0xE9, 0xF0, 0xF7, 0xFE, 0x05, 0x0C,
    0x13, 0x1A, 0x21, 0x28, 0x2F, 0x36, 0x3D, 0x44, 0x4B, 0x52, 0x59, 0x60, 0x67, 0x6E, 0x75, 0x7C,
    0x83, 0x8A, 0x91, 0x98, 0x9F, 0xA6, 0xAD, 0xB4, 0xBB, 0xC2, 0xC9, 0xD0, 0xD7, 0xDE, 0xE5, 0xEC,
    0xF3, 0xFA, 0x01, 0x08, 0x0F, 0x16, 0x1D, 0x24, 0x2B, 0x32, 0x39, 0x40, 0x47, 0x4E, 0x55, 0x5C,
    0x63, 0x6A, 0x71, 0x78, 0x7F, 0x86, 0x8D, 0x94, 0x9B, 0xA2, 0xA9, 0xB0, 0xB7, 0xBE, 0xC5, 0xCC,
    0xD3, 0xDA, 0xE1, 0xE8, 0xEF, 0xF6, 0xFD, 0x04, 0x0B, 0x12, 0x19, 0x20, 0x27, 0x2E, 0x35, 0x3C,
    0x43, 0x4A, 0x51, 0x58, 0x5F, 0x66, 0x6D, 0x74, 0x7B, 0x82, 0x89, 0x90, 0x97, 0x9E, 0xA5, 0xAC,
    0xB3, 0xBA, 0xC1, 0xC8, 0xCF, 0xD6, 0xDD, 0xE4, 0xEB, 0xF2, 0xF9, 0x00, 0x07, 0x0E, 0x15, 0x1C,
    0x23, 0x2A, 0x31, 0x38, 0x3F, 0x46, 0x4D, 0x54, 0x5B, 0x62, 0x69, 0x70, 0x77, 0x7E, 0x85, 0x8C,
    0x93, 0x9A, 0xA1, 0xA8, 0xAF, 0xB6, 0xBD, 0xC4, 0xCB, 0xD2, 0xD9, 0xE0, 0xE7, 0xEE, 0xF5, 0xFC,
};
static const uint8_t vec_cond_setcc_stack[256] = {
    0x00, 0x00, 0x00, 0x00, 0x00, 0x00, 0x00, 0x00, 0x00, 0x00, 0x00, 0x00, 0x00, 0x00, 0x00, 0x00,
    0x00, 0x00, 0x00, 0x00, 0x00, 0x00, 0x00, 0x00, 0x00, 0x00, 0x00, 0x00, 0x00, 0x00, 0x00, 0x00,
    0x00, 0x00, 0x00, 0x00, 0x00, 0x00, 0x00, 0x00, 0x00, 0x00, 0x00, 0x00, 0x00, 0x00, 0x00, 0x00,
    0x00, 0x00, 0x00, 0x00, 0x00, 0x00, 0x00, 0x00, 0x00, 0x00, 0x00, 0x00, 0x00, 0x00, 0x00, 0x00,
    0x00, 0x00, 0x00, 0x00, 0x00, 0x00, 0x00, 0x00, 0x00, 0x00, 0x00, 0x00, 0x00, 0x00, 0x00, 0x00,
    0x00, 0x00, 0x00, 0x00, 0x00, 0x00, 0x00, 0x00, 0x00, 0x00, 0x00, 0x00, 0x00, 0x00, 0x00, 0x00,
    0x00, 0x00, 0x00, 0x00, 0x00, 0x00, 0x00, 0x00, 0x00, 0x00, 0x00, 0x00, 0x00, 0x00, 0x00, 0x00,
    0x00, 0x00, 0x00, 0x00, 0x00, 0x00, 0x00, 0x00, 0x00, 0x00, 0x00, 0x00, 0x00, 0x00, 0x00, 0x00,
    0x00, 0x00, 0x00, 0x00, 0x00, 0x00, 0x00, 0x00, 0x00, 0x00, 0x00, 0x00, 0x00, 0x00, 0x00, 0x00,
    0x00, 0x00, 0x00, 0x00, 0x00, 0x00, 0x00, 0x00, 0x00, 0x00, 0x00, 0x00, 0x00, 0x00, 0x00, 0x00,
    0x00, 0x00, 0x00, 0x00, 0x00, 0x00, 0x00, 0x00, 0x00, 0x00, 0x00, 0x00, 0x00, 0x00, 0x00, 0x00,
    0x00, 0x00, 0x00, 0x00, 0x00, 0x00, 0x00, 0x00, 0x00, 0x00, 0x00, 0x00, 0x00, 0x00, 0x00, 0x00,
    0x00, 0x00, 0x00, 0x00, 0x00, 0x00, 0x00, 0x00, 0x00, 0x00, 0x00, 0x00, 0x00, 0x00, 0x00, 0x00,
    0x00, 0x00, 0x00, 0x00, 0x00, 0x00, 0x00, 0x00, 0x00, 0x00, 0x00, 0x00, 0x00, 0x00, 0x00, 0x00,
    0x00, 0x00, 0x00, 0x00, 0x00, 0x00, 0x00, 0x00, 0x00, 0x00, 0x00, 0x00, 0x00, 0x00, 0x00, 0x00,
    0x00, 0x00, 0x00, 0x00, 0x00, 0x00, 0x00, 0x00, 0x00, 0x00, 0x00, 0x00, 0x02, 0x02, 0x00, 0x00,
};

static const uint8_t vec_enter_leave_code[345] = {
    0xFC, 0xBF, 0x00, 0xA0, 0x04, 0x08, 0xB9, 0x00, 0x00, 0x00, 0x00, 0xB8, 0x03, 0x00, 0x00, 0x00,
    0x88, 0x07, 0x04, 0x07, 0x47, 0x41, 0x81, 0xF9, 0x00, 0x01, 0x00, 0x00, 0x72, 0xF2, 0xB8, 0x78,
    0x56, 0x34, 0x12, 0xB9, 0xF0, 0xDE, 0xBC, 0x9A, 0xBA, 0x0F, 0x0F, 0x0F, 0x0F, 0xBB, 0x00, 0xA0,
    0x04, 0x08, 0xBD, 0x80, 0xA0, 0x04, 0x08, 0xBE, 0x00, 0xA0, 0x04, 0x08, 0xBF, 0x40, 0xA0, 0x04,
    0x08, 0xBC, 0x40, 0xB3, 0x04, 0x08, 0x68, 0x02, 0x02, 0x00, 0x00, 0x9D, 0xE9, 0x00, 0x00, 0x00,
    0x00, 0x89, 0xE3, 0x55, 0x89, 0xE5, 0x83, 0xEC, 0x20, 0xC7, 0x45, 0xFC, 0xDE, 0xC0, 0xDE, 0xC0,
    0x8B, 0x75, 0xFC, 0x89, 0xE7, 0xC9, 0x89, 0xE2, 0x29, 0xDA, 0x89, 0x15, 0x00, 0xA0, 0x04, 0x08,
    0xC8, 0x10, 0x00, 0x00, 0x89, 0xE1, 0x89, 0xE8, 0x29, 0xC8, 0xA3, 0x04, 0xA0, 0x04, 0x08, 0xC7,
    0x45, 0xF8, 0x5A, 0x5A, 0x5A, 0x5A, 0xC9, 0x89, 0xE1, 0x29, 0xD9, 0x89, 0x0D, 0x08, 0xA0, 0x04,
    0x08, 0x89, 0x25, 0x10, 0xA1, 0x04, 0x08, 0xBC, 0x40, 0xA3, 0x04, 0x08, 0x9C, 0x8F, 0x05, 0x20,
    0xA1, 0x04, 0x08, 0xA3, 0x00, 0xA1, 0x04, 0x08, 0x89, 0x0D, 0x04, 0xA1, 0x04, 0x08, 0x89, 0x15,
    0x08, 0xA1, 0x04, 0x08, 0x89, 0x1D, 0x0C, 0xA1, 0x04, 0x08, 0x89, 0x2D, 0x14, 0xA1, 0x04, 0x08,
    0x89, 0x35, 0x18, 0xA1, 0x04, 0x08, 0x89, 0x3D, 0x1C, 0xA1, 0x04, 0x08, 0xC7, 0x05, 0x24, 0xA1,
    0x04, 0x08, 0x00, 0x00, 0x00, 0x00, 0xC7, 0x05, 0x28, 0xA1, 0x04, 0x08, 0x00, 0x00, 0x00, 0x00,
    0xC7, 0x05, 0x2C, 0xA1, 0x04, 0x08, 0x00, 0x00, 0x00, 0x00, 0x8C, 0x05, 0x24, 0xA1, 0x04, 0x08,
    0x8C, 0x0D, 0x26, 0xA1, 0x04, 0x08, 0x8C, 0x15, 0x28, 0xA1, 0x04, 0x08, 0x8C, 0x1D, 0x2A, 0xA1,
    0x04, 0x08, 0x8C, 0x25, 0x2C, 0xA1, 0x04, 0x08, 0x8C, 0x2D, 0x2E, 0xA1, 0x04, 0x08, 0xB8, 0x04,
    0x00, 0x00, 0x00, 0xBB, 0x01, 0x00, 0x00, 0x00, 0xB9, 0x00, 0xA1, 0x04, 0x08, 0xBA, 0x30, 0x00,
    0x00, 0x00, 0xCD, 0x80, 0xB8, 0x04, 0x00, 0x00, 0x00, 0xBB, 0x01, 0x00, 0x00, 0x00, 0xB9, 0x00,
    0xA0, 0x04, 0x08, 0xBA, 0x00, 0x01, 0x00, 0x00, 0xCD, 0x80, 0xB8, 0x04, 0x00, 0x00, 0x00, 0xBB,
    0x01, 0x00, 0x00, 0x00, 0xB9, 0x40, 0xB2, 0x04, 0x08, 0xBA, 0x00, 0x01, 0x00, 0x00, 0xCD, 0x80,
    0xB8, 0x01, 0x00, 0x00, 0x00, 0x31, 0xDB, 0xCD, 0x80,
};
static const uint8_t vec_enter_leave_scratch[256] = {
    0x00, 0x00, 0x00, 0x00, 0x10, 0x00, 0x00, 0x00, 0x00, 0x00, 0x00, 0x00, 0x57, 0x5E, 0x65, 0x6C,
    0x73, 0x7A, 0x81, 0x88, 0x8F, 0x96, 0x9D, 0xA4, 0xAB, 0xB2, 0xB9, 0xC0, 0xC7, 0xCE, 0xD5, 0xDC,
    0xE3, 0xEA, 0xF1, 0xF8, 0xFF, 0x06, 0x0D, 0x14, 0x1B, 0x22, 0x29, 0x30, 0x37, 0x3E, 0x45, 0x4C,
    0x53, 0x5A, 0x61, 0x68, 0x6F, 0x76, 0x7D, 0x84, 0x8B, 0x92, 0x99, 0xA0, 0xA7, 0xAE, 0xB5, 0xBC,
    0xC3, 0xCA, 0xD1, 0xD8, 0xDF, 0xE6, 0xED, 0xF4, 0xFB, 0x02, 0x09, 0x10, 0x17, 0x1E, 0x25, 0x2C,
    0x33, 0x3A, 0x41, 0x48, 0x4F, 0x56, 0x5D, 0x64, 0x6B, 0x72, 0x79, 0x80, 0x87, 0x8E, 0x95, 0x9C,
    0xA3, 0xAA, 0xB1, 0xB8, 0xBF, 0xC6, 0xCD, 0xD4, 0xDB, 0xE2, 0xE9, 0xF0, 0xF7, 0xFE, 0x05, 0x0C,
    0x13, 0x1A, 0x21, 0x28, 0x2F, 0x36, 0x3D, 0x44, 0x4B, 0x52, 0x59, 0x60, 0x67, 0x6E, 0x75, 0x7C,
    0x83, 0x8A, 0x91, 0x98, 0x9F, 0xA6, 0xAD, 0xB4, 0xBB, 0xC2, 0xC9, 0xD0, 0xD7, 0xDE, 0xE5, 0xEC,
    0xF3, 0xFA, 0x01, 0x08, 0x0F, 0x16, 0x1D, 0x24, 0x2B, 0x32, 0x39, 0x40, 0x47, 0x4E, 0x55, 0x5C,
    0x63, 0x6A, 0x71, 0x78, 0x7F, 0x86, 0x8D, 0x94, 0x9B, 0xA2, 0xA9, 0xB0, 0xB7, 0xBE, 0xC5, 0xCC,
    0xD3, 0xDA, 0xE1, 0xE8, 0xEF, 0xF6, 0xFD, 0x04, 0x0B, 0x12, 0x19, 0x20, 0x27, 0x2E, 0x35, 0x3C,
    0x43, 0x4A, 0x51, 0x58, 0x5F, 0x66, 0x6D, 0x74, 0x7B, 0x82, 0x89, 0x90, 0x97, 0x9E, 0xA5, 0xAC,
    0xB3, 0xBA, 0xC1, 0xC8, 0xCF, 0xD6, 0xDD, 0xE4, 0xEB, 0xF2, 0xF9, 0x00, 0x07, 0x0E, 0x15, 0x1C,
    0x23, 0x2A, 0x31, 0x38, 0x3F, 0x46, 0x4D, 0x54, 0x5B, 0x62, 0x69, 0x70, 0x77, 0x7E, 0x85, 0x8C,
    0x93, 0x9A, 0xA1, 0xA8, 0xAF, 0xB6, 0xBD, 0xC4, 0xCB, 0xD2, 0xD9, 0xE0, 0xE7, 0xEE, 0xF5, 0xFC,
};
static const uint8_t vec_enter_leave_stack[256] = {
    0x00, 0x00, 0x00, 0x00, 0x00, 0x00, 0x00, 0x00, 0x00, 0x00, 0x00, 0x00, 0x00, 0x00, 0x00, 0x00,
    0x00, 0x00, 0x00, 0x00, 0x00, 0x00, 0x00, 0x00, 0x00, 0x00, 0x00, 0x00, 0x00, 0x00, 0x00, 0x00,
    0x00, 0x00, 0x00, 0x00, 0x00, 0x00, 0x00, 0x00, 0x00, 0x00, 0x00, 0x00, 0x00, 0x00, 0x00, 0x00,
    0x00, 0x00, 0x00, 0x00, 0x00, 0x00, 0x00, 0x00, 0x00, 0x00, 0x00, 0x00, 0x00, 0x00, 0x00, 0x00,
    0x00, 0x00, 0x00, 0x00, 0x00, 0x00, 0x00, 0x00, 0x00, 0x00, 0x00, 0x00, 0x00, 0x00, 0x00, 0x00,
    0x00, 0x00, 0x00, 0x00, 0x00, 0x00, 0x00, 0x00, 0x00, 0x00, 0x00, 0x00, 0x00, 0x00, 0x00, 0x00,
    0x00, 0x00, 0x00, 0x00, 0x00, 0x00, 0x00, 0x00, 0x00, 0x00, 0x00, 0x00, 0x00, 0x00, 0x00, 0x00,
    0x00, 0x00, 0x00, 0x00, 0x00, 0x00, 0x00, 0x00, 0x00, 0x00, 0x00, 0x00, 0x00, 0x00, 0x00, 0x00,
    0x00, 0x00, 0x00, 0x00, 0x00, 0x00, 0x00, 0x00, 0x00, 0x00, 0x00, 0x00, 0x00, 0x00, 0x00, 0x00,
    0x00, 0x00, 0x00, 0x00, 0x00, 0x00, 0x00, 0x00, 0x00, 0x00, 0x00, 0x00, 0x00, 0x00, 0x00, 0x00,
    0x00, 0x00, 0x00, 0x00, 0x00, 0x00, 0x00, 0x00, 0x00, 0x00, 0x00, 0x00, 0x00, 0x00, 0x00, 0x00,
    0x00, 0x00, 0x00, 0x00, 0x00, 0x00, 0x00, 0x00, 0x00, 0x00, 0x00, 0x00, 0x00, 0x00, 0x00, 0x00,
    0x00, 0x00, 0x00, 0x00, 0x00, 0x00, 0x00, 0x00, 0x00, 0x00, 0x00, 0x00, 0x00, 0x00, 0x00, 0x00,
    0x00, 0x00, 0x00, 0x00, 0x00, 0x00, 0x00, 0x00, 0x00, 0x00, 0x00, 0x00, 0x00, 0x00, 0x00, 0x00,
    0x00, 0x00, 0x00, 0x00, 0x00, 0x00, 0x00, 0x00, 0x00, 0x00, 0x00, 0x00, 0x00, 0x00, 0x00, 0x00,
    0x00, 0x00, 0x00, 0x00, 0x5A, 0x5A, 0x5A, 0x5A, 0xDE, 0xC0, 0xDE, 0xC0, 0x80, 0xA0, 0x04, 0x08,
};

static const uint8_t vec_far_call_ret_code[413] = {
    0xFC, 0xBF, 0x00, 0xA0, 0x04, 0x08, 0xB9, 0x00, 0x00, 0x00, 0x00, 0xB8, 0x03, 0x00, 0x00, 0x00,
    0x88, 0x07, 0x04, 0x07, 0x47, 0x41, 0x81, 0xF9, 0x00, 0x01, 0x00, 0x00, 0x72, 0xF2, 0xB8, 0x78,
    0x56, 0x34, 0x12, 0xB9, 0xF0, 0xDE, 0xBC, 0x9A, 0xBA, 0x0F, 0x0F, 0x0F, 0x0F, 0xBB, 0x00, 0xA0,
    0x04, 0x08, 0xBD, 0x80, 0xA0, 0x04, 0x08, 0xBE, 0x00, 0xA0, 0x04, 0x08, 0xBF, 0x40, 0xA0, 0x04,
    0x08, 0xBC, 0x40, 0xB3, 0x04, 0x08, 0x68, 0x02, 0x02, 0x00, 0x00, 0x9D, 0xE9, 0x00, 0x00, 0x00,
    0x00, 0xBF, 0x00, 0xA0, 0x04, 0x08, 0xC7, 0x47, 0x40, 0xC4, 0x90, 0x04, 0x08, 0x8C, 0x4F, 0x44,
    0xC7, 0x47, 0x48, 0xCA, 0x90, 0x04, 0x08, 0x8C, 0x4F, 0x4C, 0xC7, 0x47, 0x50, 0xCD, 0x90, 0x04,
    0x08, 0x8C, 0x4F, 0x54, 0xC7, 0x47, 0x58, 0xCE, 0x90, 0x04, 0x08, 0x8C, 0x4F, 0x5C, 0xB8, 0x00,
    0x00, 0x00, 0x00, 0xFF, 0x5F, 0x40, 0xA3, 0x00, 0xA0, 0x04, 0x08, 0x68, 0xBE, 0xBA, 0xFE, 0xCA,
    0x89, 0x25, 0x08, 0xA0, 0x04, 0x08, 0xFF, 0x5F, 0x48, 0x89, 0x25, 0x0C, 0xA0, 0x04, 0x08, 0x89,
    0x25, 0x10, 0xA0, 0x04, 0x08, 0x9C, 0xFF, 0x5F, 0x50, 0x89, 0x25, 0x14, 0xA0, 0x04, 0x08, 0xBB,
    0x00, 0x00, 0x00, 0x00, 0xFF, 0x6F, 0x58, 0xBB, 0x01, 0xAD, 0xDB, 0xBA, 0x89, 0x1D, 0x18, 0xA0,
    0x04, 0x08, 0xEB, 0x11, 0xB8, 0x01, 0x00, 0x00, 0x00, 0xCB, 0xCA, 0x04, 0x00, 0xCF, 0xBB, 0x02,
    0x00, 0x00, 0x00, 0xEB, 0xE7, 0x89, 0x25, 0x10, 0xA1, 0x04, 0x08, 0xBC, 0x40, 0xA3, 0x04, 0x08,
    0x9C, 0x8F, 0x05, 0x20, 0xA1, 0x04, 0x08, 0xA3, 0x00, 0xA1, 0x04, 0x08, 0x89, 0x0D, 0x04, 0xA1,
    0x04, 0x08, 0x89, 0x15, 0x08, 0xA1, 0x04, 0x08, 0x89, 0x1D, 0x0C, 0xA1, 0x04, 0x08, 0x89, 0x2D,
    0x14, 0xA1, 0x04, 0x08, 0x89, 0x35, 0x18, 0xA1, 0x04, 0x08, 0x89, 0x3D, 0x1C, 0xA1, 0x04, 0x08,
    0xC7, 0x05, 0x24, 0xA1, 0x04, 0x08, 0x00, 0x00, 0x00, 0x00, 0xC7, 0x05, 0x28, 0xA1, 0x04, 0x08,
    0x00, 0x00, 0x00, 0x00, 0xC7, 0x05, 0x2C, 0xA1, 0x04, 0x08, 0x00, 0x00, 0x00, 0x00, 0x8C, 0x05,
    0x24, 0xA1, 0x04, 0x08, 0x8C, 0x0D, 0x26, 0xA1, 0x04, 0x08, 0x8C, 0x15, 0x28, 0xA1, 0x04, 0x08,
    0x8C, 0x1D, 0x2A, 0xA1, 0x04, 0x08, 0x8C, 0x25, 0x2C, 0xA1, 0x04, 0x08, 0x8C, 0x2D, 0x2E, 0xA1,
    0x04, 0x08, 0xB8, 0x04, 0x00, 0x00, 0x00, 0xBB, 0x01, 0x00, 0x00, 0x00, 0xB9, 0x00, 0xA1, 0x04,
    0x08, 0xBA, 0x30, 0x00, 0x00, 0x00, 0xCD, 0x80, 0xB8, 0x04, 0x00, 0x00, 0x00, 0xBB, 0x01, 0x00,
    0x00, 0x00, 0xB9, 0x00, 0xA0, 0x04, 0x08, 0xBA, 0x00, 0x01, 0x00, 0x00, 0xCD, 0x80, 0xB8, 0x04,
    0x00, 0x00, 0x00, 0xBB, 0x01, 0x00, 0x00, 0x00, 0xB9, 0x40, 0xB2, 0x04, 0x08, 0xBA, 0x00, 0x01,
    0x00, 0x00, 0xCD, 0x80, 0xB8, 0x01, 0x00, 0x00, 0x00, 0x31, 0xDB, 0xCD, 0x80,
};
static const uint8_t vec_far_call_ret_scratch[256] = {
    0x01, 0x00, 0x00, 0x00, 0x1F, 0x26, 0x2D, 0x34, 0x3C, 0xB3, 0x04, 0x08, 0x40, 0xB3, 0x04, 0x08,
    0x40, 0xB3, 0x04, 0x08, 0x40, 0xB3, 0x04, 0x08, 0x02, 0x00, 0x00, 0x00, 0xC7, 0xCE, 0xD5, 0xDC,
    0xE3, 0xEA, 0xF1, 0xF8, 0xFF, 0x06, 0x0D, 0x14, 0x1B, 0x22, 0x29, 0x30, 0x37, 0x3E, 0x45, 0x4C,
    0x53, 0x5A, 0x61, 0x68, 0x6F, 0x76, 0x7D, 0x84, 0x8B, 0x92, 0x99, 0xA0, 0xA7, 0xAE, 0xB5, 0xBC,
    0xC4, 0x90, 0x04, 0x08, 0x23, 0x00, 0xED, 0xF4, 0xCA, 0x90, 0x04, 0x08, 0x23, 0x00, 0x25, 0x2C,
    0xCD, 0x90, 0x04, 0x08, 0x23, 0x00, 0x5D, 0x64, 0xCE, 0x90, 0x04, 0x08, 0x23, 0x00, 0x95, 0x9C,
    0xA3, 0xAA, 0xB1, 0xB8, 0xBF, 0xC6, 0xCD, 0xD4, 0xDB, 0xE2, 0xE9, 0xF0, 0xF7, 0xFE, 0x05, 0x0C,
    0x13, 0x1A, 0x21, 0x28, 0x2F, 0x36, 0x3D, 0x44, 0x4B, 0x52, 0x59, 0x60, 0x67, 0x6E, 0x75, 0x7C,
    0x83, 0x8A, 0x91, 0x98, 0x9F, 0xA6, 0xAD, 0xB4, 0xBB, 0xC2, 0xC9, 0xD0, 0xD7, 0xDE, 0xE5, 0xEC,
    0xF3, 0xFA, 0x01, 0x08, 0x0F, 0x16, 0x1D, 0x24, 0x2B, 0x32, 0x39, 0x40, 0x47, 0x4E, 0x55, 0x5C,
    0x63, 0x6A, 0x71, 0x78, 0x7F, 0x86, 0x8D, 0x94, 0x9B, 0xA2, 0xA9, 0xB0, 0xB7, 0xBE, 0xC5, 0xCC,
    0xD3, 0xDA, 0xE1, 0xE8, 0xEF, 0xF6, 0xFD, 0x04, 0x0B, 0x12, 0x19, 0x20, 0x27, 0x2E, 0x35, 0x3C,
    0x43, 0x4A, 0x51, 0x58, 0x5F, 0x66, 0x6D, 0x74, 0x7B, 0x82, 0x89, 0x90, 0x97, 0x9E, 0xA5, 0xAC,
    0xB3, 0xBA, 0xC1, 0xC8, 0xCF, 0xD6, 0xDD, 0xE4, 0xEB, 0xF2, 0xF9, 0x00, 0x07, 0x0E, 0x15, 0x1C,
    0x23, 0x2A, 0x31, 0x38, 0x3F, 0x46, 0x4D, 0x54, 0x5B, 0x62, 0x69, 0x70, 0x77, 0x7E, 0x85, 0x8C,
    0x93, 0x9A, 0xA1, 0xA8, 0xAF, 0xB6, 0xBD, 0xC4, 0xCB, 0xD2, 0xD9, 0xE0, 0xE7, 0xEE, 0xF5, 0xFC,
};
static const uint8_t vec_far_call_ret_stack[256] = {
    0x00, 0x00, 0x00, 0x00, 0x00, 0x00, 0x00, 0x00, 0x00, 0x00, 0x00, 0x00, 0x00, 0x00, 0x00, 0x00,
    0x00, 0x00, 0x00, 0x00, 0x00, 0x00, 0x00, 0x00, 0x00, 0x00, 0x00, 0x00, 0x00, 0x00, 0x00, 0x00,
    0x00, 0x00, 0x00, 0x00, 0x00, 0x00, 0x00, 0x00, 0x00, 0x00, 0x00, 0x00, 0x00, 0x00, 0x00, 0x00,
    0x00, 0x00, 0x00, 0x00, 0x00, 0x00, 0x00, 0x00, 0x00, 0x00, 0x00, 0x00, 0x00, 0x00, 0x00, 0x00,
    0x00, 0x00, 0x00, 0x00, 0x00, 0x00, 0x00, 0x00, 0x00, 0x00, 0x00, 0x00, 0x00, 0x00, 0x00, 0x00,
    0x00, 0x00, 0x00, 0x00, 0x00, 0x00, 0x00, 0x00, 0x00, 0x00, 0x00, 0x00, 0x00, 0x00, 0x00, 0x00,
    0x00, 0x00, 0x00, 0x00, 0x00, 0x00, 0x00, 0x00, 0x00, 0x00, 0x00, 0x00, 0x00, 0x00, 0x00, 0x00,
    0x00, 0x00, 0x00, 0x00, 0x00, 0x00, 0x00, 0x00, 0x00, 0x00, 0x00, 0x00, 0x00, 0x00, 0x00, 0x00,
    0x00, 0x00, 0x00, 0x00, 0x00, 0x00, 0x00, 0x00, 0x00, 0x00, 0x00, 0x00, 0x00, 0x00, 0x00, 0x00,
    0x00, 0x00, 0x00, 0x00, 0x00, 0x00, 0x00, 0x00, 0x00, 0x00, 0x00, 0x00, 0x00, 0x00, 0x00, 0x00,
    0x00, 0x00, 0x00, 0x00, 0x00, 0x00, 0x00, 0x00, 0x00, 0x00, 0x00, 0x00, 0x00, 0x00, 0x00, 0x00,
    0x00, 0x00, 0x00, 0x00, 0x00, 0x00, 0x00, 0x00, 0x00, 0x00, 0x00, 0x00, 0x00, 0x00, 0x00, 0x00,
    0x00, 0x00, 0x00, 0x00, 0x00, 0x00, 0x00, 0x00, 0x00, 0x00, 0x00, 0x00, 0x00, 0x00, 0x00, 0x00,
    0x00, 0x00, 0x00, 0x00, 0x00, 0x00, 0x00, 0x00, 0x00, 0x00, 0x00, 0x00, 0x00, 0x00, 0x00, 0x00,
    0x00, 0x00, 0x00, 0x00, 0x00, 0x00, 0x00, 0x00, 0x00, 0x00, 0x00, 0x00, 0x00, 0x00, 0x00, 0x00,
    0x00, 0x00, 0x00, 0x00, 0xA9, 0x90, 0x04, 0x08, 0x23, 0x00, 0x00, 0x00, 0x02, 0x02, 0x00, 0x00,
};

static const uint8_t vec_imul_forms_code[384] = {
    0xFC, 0xBF, 0x00, 0xA0, 0x04, 0x08, 0xB9, 0x00, 0x00, 0x00, 0x00, 0xB8, 0x03, 0x00, 0x00, 0x00,
    0x88, 0x07, 0x04, 0x07, 0x47, 0x41, 0x81, 0xF9, 0x00, 0x01, 0x00, 0x00, 0x72, 0xF2, 0xB8, 0x78,
    0x56, 0x34, 0x12, 0xB9, 0xF0, 0xDE, 0xBC, 0x9A, 0xBA, 0x0F, 0x0F, 0x0F, 0x0F, 0xBB, 0x00, 0xA0,
    0x04, 0x08, 0xBD, 0x80, 0xA0, 0x04, 0x08, 0xBE, 0x00, 0xA0, 0x04, 0x08, 0xBF, 0x40, 0xA0, 0x04,
    0x08, 0xBC, 0x40, 0xB3, 0x04, 0x08, 0x68, 0x02, 0x02, 0x00, 0x00, 0x9D, 0xE9, 0x00, 0x00, 0x00,
    0x00, 0xB8, 0x34, 0x12, 0x00, 0x00, 0xBB, 0x78, 0x56, 0x00, 0x00, 0x0F, 0xAF, 0xC3, 0xA3, 0x00,
    0xA0, 0x04, 0x08, 0x0F, 0x90, 0x05, 0x04, 0xA0, 0x04, 0x08, 0xB8, 0x00, 0x00, 0x00, 0x10, 0xBB,
    0x10, 0x00, 0x00, 0x00, 0x0F, 0xAF, 0xC3, 0xA3, 0x08, 0xA0, 0x04, 0x08, 0x0F, 0x90, 0x05, 0x0C,
    0xA0, 0x04, 0x08, 0x6B, 0xD1, 0x07, 0x89, 0x15, 0x10, 0xA0, 0x04, 0x08, 0x69, 0xF1, 0x00, 0x10,
    0x00, 0x00, 0x89, 0x35, 0x14, 0xA0, 0x04, 0x08, 0x0F, 0x90, 0x05, 0x18, 0xA0, 0x04, 0x08, 0xB8,
    0xFD, 0xFF, 0xFF, 0xFF, 0x6B, 0xF8, 0xFB, 0x89, 0x3D, 0x1C, 0xA0, 0x04, 0x08, 0x66, 0x6B, 0xEB,
    0x03, 0x66, 0x89, 0x2D, 0x20, 0xA0, 0x04, 0x08, 0x89, 0x25, 0x10, 0xA1, 0x04, 0x08, 0xBC, 0x40,
    0xA3, 0x04, 0x08, 0x9C, 0x8F, 0x05, 0x20, 0xA1, 0x04, 0x08, 0xA3, 0x00, 0xA1, 0x04, 0x08, 0x89,
    0x0D, 0x04, 0xA1, 0x04, 0x08, 0x89, 0x15, 0x08, 0xA1, 0x04, 0x08, 0x89, 0x1D, 0x0C, 0xA1, 0x04,
    0x08, 0x89, 0x2D, 0x14, 0xA1, 0x04, 0x08, 0x89, 0x35, 0x18, 0xA1, 0x04, 0x08, 0x89, 0x3D, 0x1C,
    0xA1, 0x04, 0x08, 0xC7, 0x05, 0x24, 0xA1, 0x04, 0x08, 0x00, 0x00, 0x00, 0x00, 0xC7, 0x05, 0x28,
    0xA1, 0x04, 0x08, 0x00, 0x00, 0x00, 0x00, 0xC7, 0x05, 0x2C, 0xA1, 0x04, 0x08, 0x00, 0x00, 0x00,
    0x00, 0x8C, 0x05, 0x24, 0xA1, 0x04, 0x08, 0x8C, 0x0D, 0x26, 0xA1, 0x04, 0x08, 0x8C, 0x15, 0x28,
    0xA1, 0x04, 0x08, 0x8C, 0x1D, 0x2A, 0xA1, 0x04, 0x08, 0x8C, 0x25, 0x2C, 0xA1, 0x04, 0x08, 0x8C,
    0x2D, 0x2E, 0xA1, 0x04, 0x08, 0xB8, 0x04, 0x00, 0x00, 0x00, 0xBB, 0x01, 0x00, 0x00, 0x00, 0xB9,
    0x00, 0xA1, 0x04, 0x08, 0xBA, 0x30, 0x00, 0x00, 0x00, 0xCD, 0x80, 0xB8, 0x04, 0x00, 0x00, 0x00,
    0xBB, 0x01, 0x00, 0x00, 0x00, 0xB9, 0x00, 0xA0, 0x04, 0x08, 0xBA, 0x00, 0x01, 0x00, 0x00, 0xCD,
    0x80, 0xB8, 0x04, 0x00, 0x00, 0x00, 0xBB, 0x01, 0x00, 0x00, 0x00, 0xB9, 0x40, 0xB2, 0x04, 0x08,
    0xBA, 0x00, 0x01, 0x00, 0x00, 0xCD, 0x80, 0xB8, 0x01, 0x00, 0x00, 0x00, 0x31, 0xDB, 0xCD, 0x80,
};
static const uint8_t vec_imul_forms_scratch[256] = {
    0x60, 0x00, 0x26, 0x06, 0x00, 0x26, 0x2D, 0x34, 0x00, 0x00, 0x00, 0x00, 0x01, 0x5E, 0x65, 0x6C,
    0x90, 0x18, 0x2A, 0x3B, 0x00, 0x00, 0xEF, 0xCD, 0x01, 0xB2, 0xB9, 0xC0, 0x0F, 0x00, 0x00, 0x00,
    0x30, 0x00, 0xF1, 0xF8, 0xFF, 0x06, 0x0D, 0x14, 0x1B, 0x22, 0x29, 0x30, 0x37, 0x3E, 0x45, 0x4C,
    0x53, 0x5A, 0x61, 0x68, 0x6F, 0x76, 0x7D, 0x84, 0x8B, 0x92, 0x99, 0xA0, 0xA7, 0xAE, 0xB5, 0xBC,
    0xC3, 0xCA, 0xD1, 0xD8, 0xDF, 0xE6, 0xED, 0xF4, 0xFB, 0x02, 0x09, 0x10, 0x17, 0x1E, 0x25, 0x2C,
    0x33, 0x3A, 0x41, 0x48, 0x4F, 0x56, 0x5D, 0x64, 0x6B, 0x72, 0x79, 0x80, 0x87, 0x8E, 0x95, 0x9C,
    0xA3, 0xAA, 0xB1, 0xB8, 0xBF, 0xC6, 0xCD, 0xD4, 0xDB, 0xE2, 0xE9, 0xF0, 0xF7, 0xFE, 0x05, 0x0C,
    0x13, 0x1A, 0x21, 0x28, 0x2F, 0x36, 0x3D, 0x44, 0x4B, 0x52, 0x59, 0x60, 0x67, 0x6E, 0x75, 0x7C,
    0x83, 0x8A, 0x91, 0x98, 0x9F, 0xA6, 0xAD, 0xB4, 0xBB, 0xC2, 0xC9, 0xD0, 0xD7, 0xDE, 0xE5, 0xEC,
    0xF3, 0xFA, 0x01, 0x08, 0x0F, 0x16, 0x1D, 0x24, 0x2B, 0x32, 0x39, 0x40, 0x47, 0x4E, 0x55, 0x5C,
    0x63, 0x6A, 0x71, 0x78, 0x7F, 0x86, 0x8D, 0x94, 0x9B, 0xA2, 0xA9, 0xB0, 0xB7, 0xBE, 0xC5, 0xCC,
    0xD3, 0xDA, 0xE1, 0xE8, 0xEF, 0xF6, 0xFD, 0x04, 0x0B, 0x12, 0x19, 0x20, 0x27, 0x2E, 0x35, 0x3C,
    0x43, 0x4A, 0x51, 0x58, 0x5F, 0x66, 0x6D, 0x74, 0x7B, 0x82, 0x89, 0x90, 0x97, 0x9E, 0xA5, 0xAC,
    0xB3, 0xBA, 0xC1, 0xC8, 0xCF, 0xD6, 0xDD, 0xE4, 0xEB, 0xF2, 0xF9, 0x00, 0x07, 0x0E, 0x15, 0x1C,
    0x23, 0x2A, 0x31, 0x38, 0x3F, 0x46, 0x4D, 0x54, 0x5B, 0x62, 0x69, 0x70, 0x77, 0x7E, 0x85, 0x8C,
    0x93, 0x9A, 0xA1, 0xA8, 0xAF, 0xB6, 0xBD, 0xC4, 0xCB, 0xD2, 0xD9, 0xE0, 0xE7, 0xEE, 0xF5, 0xFC,
};
static const uint8_t vec_imul_forms_stack[256] = {
    0x00, 0x00, 0x00, 0x00, 0x00, 0x00, 0x00, 0x00, 0x00, 0x00, 0x00, 0x00, 0x00, 0x00, 0x00, 0x00,
    0x00, 0x00, 0x00, 0x00, 0x00, 0x00, 0x00, 0x00, 0x00, 0x00, 0x00, 0x00, 0x00, 0x00, 0x00, 0x00,
    0x00, 0x00, 0x00, 0x00, 0x00, 0x00, 0x00, 0x00, 0x00, 0x00, 0x00, 0x00, 0x00, 0x00, 0x00, 0x00,
    0x00, 0x00, 0x00, 0x00, 0x00, 0x00, 0x00, 0x00, 0x00, 0x00, 0x00, 0x00, 0x00, 0x00, 0x00, 0x00,
    0x00, 0x00, 0x00, 0x00, 0x00, 0x00, 0x00, 0x00, 0x00, 0x00, 0x00, 0x00, 0x00, 0x00, 0x00, 0x00,
    0x00, 0x00, 0x00, 0x00, 0x00, 0x00, 0x00, 0x00, 0x00, 0x00, 0x00, 0x00, 0x00, 0x00, 0x00, 0x00,
    0x00, 0x00, 0x00, 0x00, 0x00, 0x00, 0x00, 0x00, 0x00, 0x00, 0x00, 0x00, 0x00, 0x00, 0x00, 0x00,
    0x00, 0x00, 0x00, 0x00, 0x00, 0x00, 0x00, 0x00, 0x00, 0x00, 0x00, 0x00, 0x00, 0x00, 0x00, 0x00,
    0x00, 0x00, 0x00, 0x00, 0x00, 0x00, 0x00, 0x00, 0x00, 0x00, 0x00, 0x00, 0x00, 0x00, 0x00, 0x00,
    0x00, 0x00, 0x00, 0x00, 0x00, 0x00, 0x00, 0x00, 0x00, 0x00, 0x00, 0x00, 0x00, 0x00, 0x00, 0x00,
    0x00, 0x00, 0x00, 0x00, 0x00, 0x00, 0x00, 0x00, 0x00, 0x00, 0x00, 0x00, 0x00, 0x00, 0x00, 0x00,
    0x00, 0x00, 0x00, 0x00, 0x00, 0x00, 0x00, 0x00, 0x00, 0x00, 0x00, 0x00, 0x00, 0x00, 0x00, 0x00,
    0x00, 0x00, 0x00, 0x00, 0x00, 0x00, 0x00, 0x00, 0x00, 0x00, 0x00, 0x00, 0x00, 0x00, 0x00, 0x00,
    0x00, 0x00, 0x00, 0x00, 0x00, 0x00, 0x00, 0x00, 0x00, 0x00, 0x00, 0x00, 0x00, 0x00, 0x00, 0x00,
    0x00, 0x00, 0x00, 0x00, 0x00, 0x00, 0x00, 0x00, 0x00, 0x00, 0x00, 0x00, 0x00, 0x00, 0x00, 0x00,
    0x00, 0x00, 0x00, 0x00, 0x00, 0x00, 0x00, 0x00, 0x00, 0x00, 0x00, 0x00, 0x02, 0x02, 0x00, 0x00,
};

static const uint8_t vec_inc_dec_carry_code[370] = {
    0xFC, 0xBF, 0x00, 0xA0, 0x04, 0x08, 0xB9, 0x00, 0x00, 0x00, 0x00, 0xB8, 0x03, 0x00, 0x00, 0x00,
    0x88, 0x07, 0x04, 0x07, 0x47, 0x41, 0x81, 0xF9, 0x00, 0x01, 0x00, 0x00, 0x72, 0xF2, 0xB8, 0x78,
    0x56, 0x34, 0x12, 0xB9, 0xF0, 0xDE, 0xBC, 0x9A, 0xBA, 0x0F, 0x0F, 0x0F, 0x0F, 0xBB, 0x00, 0xA0,
    0x04, 0x08, 0xBD, 0x80, 0xA0, 0x04, 0x08, 0xBE, 0x00, 0xA0, 0x04, 0x08, 0xBF, 0x40, 0xA0, 0x04,
    0x08, 0xBC, 0x40, 0xB3, 0x04, 0x08, 0x68, 0x02, 0x02, 0x00, 0x00, 0x9D, 0xE9, 0x00, 0x00, 0x00,
    0x00, 0xF9, 0xB8, 0xFF, 0xFF, 0xFF, 0x7F, 0x40, 0x0F, 0x92, 0x05, 0x00, 0xA0, 0x04, 0x08, 0x0F,
    0x90, 0x05, 0x01, 0xA0, 0x04, 0x08, 0xF8, 0xBB, 0x00, 0x00, 0x00, 0x00, 0x4B, 0x0F, 0x92, 0x05,
    0x02, 0xA0, 0x04, 0x08, 0x0F, 0x90, 0x05, 0x03, 0xA0, 0x04, 0x08, 0x0F, 0x98, 0x05, 0x04, 0xA0,
    0x04, 0x08, 0xF9, 0xB9, 0x00, 0x00, 0x00, 0x80, 0x49, 0x0F, 0x92, 0x05, 0x05, 0xA0, 0x04, 0x08,
    0x0F, 0x90, 0x05, 0x06, 0xA0, 0x04, 0x08, 0xFE, 0x05, 0x07, 0xA0, 0x04, 0x08, 0x66, 0xFF, 0x0D,
    0x08, 0xA0, 0x04, 0x08, 0xFF, 0x05, 0x0C, 0xA0, 0x04, 0x08, 0x89, 0x25, 0x10, 0xA1, 0x04, 0x08,
    0xBC, 0x40, 0xA3, 0x04, 0x08, 0x9C, 0x8F, 0x05, 0x20, 0xA1, 0x04, 0x08, 0xA3, 0x00, 0xA1, 0x04,
    0x08, 0x89, 0x0D, 0x04, 0xA1, 0x04, 0x08, 0x89, 0x15, 0x08, 0xA1, 0x04, 0x08, 0x89, 0x1D, 0x0C,
    0xA1, 0x04, 0x08, 0x89, 0x2D, 0x14, 0xA1, 0x04, 0x08, 0x89, 0x35, 0x18, 0xA1, 0x04, 0x08, 0x89,
    0x3D, 0x1C, 0xA1, 0x04, 0x08, 0xC7, 0x05, 0x24, 0xA1, 0x04, 0x08, 0x00, 0x00, 0x00, 0x00, 0xC7,
    0x05, 0x28, 0xA1, 0x04, 0x08, 0x00, 0x00, 0x00, 0x00, 0xC7, 0x05, 0x2C, 0xA1, 0x04, 0x08, 0x00,
    0x00, 0x00, 0x00, 0x8C, 0x05, 0x24, 0xA1, 0x04, 0x08, 0x8C, 0x0D, 0x26, 0xA1, 0x04, 0x08, 0x8C,
    0x15, 0x28, 0xA1, 0x04, 0x08, 0x8C, 0x1D, 0x2A, 0xA1, 0x04, 0x08, 0x8C, 0x25, 0x2C, 0xA1, 0x04,
    0x08, 0x8C, 0x2D, 0x2E, 0xA1, 0x04, 0x08, 0xB8, 0x04, 0x00, 0x00, 0x00, 0xBB, 0x01, 0x00, 0x00,
    0x00, 0xB9, 0x00, 0xA1, 0x04, 0x08, 0xBA, 0x30, 0x00, 0x00, 0x00, 0xCD, 0x80, 0xB8, 0x04, 0x00,
    0x00, 0x00, 0xBB, 0x01, 0x00, 0x00, 0x00, 0xB9, 0x00, 0xA0, 0x04, 0x08, 0xBA, 0x00, 0x01, 0x00,
    0x00, 0xCD, 0x80, 0xB8, 0x04, 0x00, 0x00, 0x00, 0xBB, 0x01, 0x00, 0x00, 0x00, 0xB9, 0x40, 0xB2,
    0x04, 0x08, 0xBA, 0x00, 0x01, 0x00, 0x00, 0xCD, 0x80, 0xB8, 0x01, 0x00, 0x00, 0x00, 0x31, 0xDB,
    0xCD, 0x80,
};
static const uint8_t vec_inc_dec_carry_scratch[256] = {
    0x01, 0x01, 0x00, 0x00, 0x01, 0x01, 0x01, 0x35, 0x3A, 0x42, 0x49, 0x50, 0x58, 0x5E, 0x65, 0x6C,
    0x73, 0x7A, 0x81, 0x88, 0x8F, 0x96, 0x9D, 0xA4, 0xAB, 0xB2, 0xB9, 0xC0, 0xC7, 0xCE, 0xD5, 0xDC,
    0xE3, 0xEA, 0xF1, 0xF8, 0xFF, 0x06, 0x0D, 0x14, 0x1B, 0x22, 0x29, 0x30, 0x37, 0x3E, 0x45, 0x4C,
    0x53, 0x5A, 0x61, 0x68, 0x6F, 0x76, 0x7D, 0x84, 0x8B, 0x92, 0x99, 0xA0, 0xA7, 0xAE, 0xB5, 0xBC,
    0xC3, 0xCA, 0xD1, 0xD8, 0xDF, 0xE6, 0xED, 0xF4, 0xFB, 0x02, 0x09, 0x10, 0x17, 0x1E, 0x25, 0x2C,
    0x33, 0x3A, 0x41, 0x48, 0x4F, 0x56, 0x5D, 0x64, 0x6B, 0x72, 0x79, 0x80, 0x87, 0x8E, 0x95, 0x9C,
    0xA3, 0xAA, 0xB1, 0xB8, 0xBF, 0xC6, 0xCD, 0xD4, 0xDB, 0xE2, 0xE9, 0xF0, 0xF7, 0xFE, 0x05, 0x0C,
    0x13, 0x1A, 0x21, 0x28, 0x2F, 0x36, 0x3D, 0x44, 0x4B, 0x52, 0x59, 0x60, 0x67, 0x6E, 0x75, 0x7C,
    0x83, 0x8A, 0x91, 0x98, 0x9F, 0xA6, 0xAD, 0xB4, 0xBB, 0xC2, 0xC9, 0xD0, 0xD7, 0xDE, 0xE5, 0xEC,
    0xF3, 0xFA, 0x01, 0x08, 0x0F, 0x16, 0x1D, 0x24, 0x2B, 0x32, 0x39, 0x40, 0x47, 0x4E, 0x55, 0x5C,
    0x63, 0x6A, 0x71, 0x78, 0x7F, 0x86, 0x8D, 0x94, 0x9B, 0xA2, 0xA9, 0xB0, 0xB7, 0xBE, 0xC5, 0xCC,
    0xD3, 0xDA, 0xE1, 0xE8, 0xEF, 0xF6, 0xFD, 0x04, 0x0B, 0x12, 0x19, 0x20, 0x27, 0x2E, 0x35, 0x3C,
    0x43, 0x4A, 0x51, 0x58, 0x5F, 0x66, 0x6D, 0x74, 0x7B, 0x82, 0x89, 0x90, 0x97, 0x9E, 0xA5, 0xAC,
    0xB3, 0xBA, 0xC1, 0xC8, 0xCF, 0xD6, 0xDD, 0xE4, 0xEB, 0xF2, 0xF9, 0x00, 0x07, 0x0E, 0x15, 0x1C,
    0x23, 0x2A, 0x31, 0x38, 0x3F, 0x46, 0x4D, 0x54, 0x5B, 0x62, 0x69, 0x70, 0x77, 0x7E, 0x85, 0x8C,
    0x93, 0x9A, 0xA1, 0xA8, 0xAF, 0xB6, 0xBD, 0xC4, 0xCB, 0xD2, 0xD9, 0xE0, 0xE7, 0xEE, 0xF5, 0xFC,
};
static const uint8_t vec_inc_dec_carry_stack[256] = {
    0x00, 0x00, 0x00, 0x00, 0x00, 0x00, 0x00, 0x00, 0x00, 0x00, 0x00, 0x00, 0x00, 0x00, 0x00, 0x00,
    0x00, 0x00, 0x00, 0x00, 0x00, 0x00, 0x00, 0x00, 0x00, 0x00, 0x00, 0x00, 0x00, 0x00, 0x00, 0x00,
    0x00, 0x00, 0x00, 0x00, 0x00, 0x00, 0x00, 0x00, 0x00, 0x00, 0x00, 0x00, 0x00, 0x00, 0x00, 0x00,
    0x00, 0x00, 0x00, 0x00, 0x00, 0x00, 0x00, 0x00, 0x00, 0x00, 0x00, 0x00, 0x00, 0x00, 0x00, 0x00,
    0x00, 0x00, 0x00, 0x00, 0x00, 0x00, 0x00, 0x00, 0x00, 0x00, 0x00, 0x00, 0x00, 0x00, 0x00, 0x00,
    0x00, 0x00, 0x00, 0x00, 0x00, 0x00, 0x00, 0x00, 0x00, 0x00, 0x00, 0x00, 0x00, 0x00, 0x00, 0x00,
    0x00, 0x00, 0x00, 0x00, 0x00, 0x00, 0x00, 0x00, 0x00, 0x00, 0x00, 0x00, 0x00, 0x00, 0x00, 0x00,
    0x00, 0x00, 0x00, 0x00, 0x00, 0x00, 0x00, 0x00, 0x00, 0x00, 0x00, 0x00, 0x00, 0x00, 0x00, 0x00,
    0x00, 0x00, 0x00, 0x00, 0x00, 0x00, 0x00, 0x00, 0x00, 0x00, 0x00, 0x00, 0x00, 0x00, 0x00, 0x00,
    0x00, 0x00, 0x00, 0x00, 0x00, 0x00, 0x00, 0x00, 0x00, 0x00, 0x00, 0x00, 0x00, 0x00, 0x00, 0x00,
    0x00, 0x00, 0x00, 0x00, 0x00, 0x00, 0x00, 0x00, 0x00, 0x00, 0x00, 0x00, 0x00, 0x00, 0x00, 0x00,
    0x00, 0x00, 0x00, 0x00, 0x00, 0x00, 0x00, 0x00, 0x00, 0x00, 0x00, 0x00, 0x00, 0x00, 0x00, 0x00,
    0x00, 0x00, 0x00, 0x00, 0x00, 0x00, 0x00, 0x00, 0x00, 0x00, 0x00, 0x00, 0x00, 0x00, 0x00, 0x00,
    0x00, 0x00, 0x00, 0x00, 0x00, 0x00, 0x00, 0x00, 0x00, 0x00, 0x00, 0x00, 0x00, 0x00, 0x00, 0x00,
    0x00, 0x00, 0x00, 0x00, 0x00, 0x00, 0x00, 0x00, 0x00, 0x00, 0x00, 0x00, 0x00, 0x00, 0x00, 0x00,
    0x00, 0x00, 0x00, 0x00, 0x00, 0x00, 0x00, 0x00, 0x00, 0x00, 0x00, 0x00, 0x02, 0x02, 0x00, 0x00,
};

static const uint8_t vec_iret_same_priv_code[457] = {
    0xFC, 0xBF, 0x00, 0xA0, 0x04, 0x08, 0xB9, 0x00, 0x00, 0x00, 0x00, 0xB8, 0x03, 0x00, 0x00, 0x00,
    0x88, 0x07, 0x04, 0x07, 0x47, 0x41, 0x81, 0xF9, 0x00, 0x01, 0x00, 0x00, 0x72, 0xF2, 0xB8, 0x78,
    0x56, 0x34, 0x12, 0xB9, 0xF0, 0xDE, 0xBC, 0x9A, 0xBA, 0x0F, 0x0F, 0x0F, 0x0F, 0xBB, 0x00, 0xA0,
    0x04, 0x08, 0xBD, 0x80, 0xA0, 0x04, 0x08, 0xBE, 0x00, 0xA0, 0x04, 0x08, 0xBF, 0x40, 0xA0, 0x04,
    0x08, 0xBC, 0x40, 0xB3, 0x04, 0x08, 0x68, 0x02, 0x02, 0x00, 0x00, 0x9D, 0xE9, 0x00, 0x00, 0x00,
    0x00, 0xB8, 0x00, 0x00, 0x00, 0x00, 0x9C, 0x5A, 0x81, 0xCA, 0xD5, 0x0C, 0x00, 0x00, 0x81, 0xE2,
    0xFF, 0xFE, 0xFF, 0xFF, 0x52, 0x0E, 0x68, 0x71, 0x90, 0x04, 0x08, 0xCF, 0xB8, 0x01, 0xAD, 0xDB,
    0xBA, 0x9C, 0x5B, 0x81, 0xE3, 0xD5, 0x0C, 0x00, 0x00, 0x89, 0x1D, 0x00, 0xA0, 0x04, 0x08, 0x68,
    0x43, 0x02, 0x00, 0x00, 0x0E, 0x68, 0x90, 0x90, 0x04, 0x08, 0xCF, 0xB8, 0x02, 0xAD, 0xDB, 0xBA,
    0x9C, 0x5B, 0x81, 0xE3, 0xD5, 0x0C, 0x00, 0x00, 0x89, 0x1D, 0x08, 0xA0, 0x04, 0x08, 0x68, 0xA5,
    0xA5, 0xA5, 0xA5, 0x68, 0x5A, 0x5A, 0x5A, 0x5A, 0x89, 0x25, 0x0C, 0xA0, 0x04, 0x08, 0x68, 0x02,
    0x02, 0x00, 0x00, 0x0E, 0x68, 0xBF, 0x90, 0x04, 0x08, 0xCF, 0xB8, 0x03, 0xAD, 0xDB, 0xBA, 0x89,
    0x25, 0x10, 0xA0, 0x04, 0x08, 0x59, 0x5A, 0xBE, 0x00, 0x00, 0x00, 0x00, 0xEB, 0x03, 0x46, 0xEB,
    0x11, 0x68, 0x02, 0x02, 0x00, 0x00, 0x0E, 0x68, 0xCE, 0x90, 0x04, 0x08, 0xCF, 0xB8, 0x04, 0xAD,
    0xDB, 0xBA, 0xBF, 0x00, 0x00, 0x00, 0x00, 0x68, 0x03, 0x02, 0x00, 0x00, 0x0E, 0x68, 0xF8, 0x90,
    0x04, 0x08, 0xCF, 0xB8, 0x05, 0xAD, 0xDB, 0xBA, 0x83, 0xD7, 0x00, 0x89, 0x3D, 0x14, 0xA0, 0x04,
    0x08, 0x89, 0x25, 0x10, 0xA1, 0x04, 0x08, 0xBC, 0x40, 0xA3, 0x04, 0x08, 0x9C, 0x8F, 0x05, 0x20,
    0xA1, 0x04, 0x08, 0xA3, 0x00, 0xA1, 0x04, 0x08, 0x89, 0x0D, 0x04, 0xA1, 0x04, 0x08, 0x89, 0x15,
    0x08, 0xA1, 0x04, 0x08, 0x89, 0x1D, 0x0C, 0xA1, 0x04, 0x08, 0x89, 0x2D, 0x14, 0xA1, 0x04, 0x08,
    0x89, 0x35, 0x18, 0xA1, 0x04, 0x08, 0x89, 0x3D, 0x1C, 0xA1, 0x04, 0x08, 0xC7, 0x05, 0x24, 0xA1,
    0x04, 0x08, 0x00, 0x00, 0x00, 0x00, 0xC7, 0x05, 0x28, 0xA1, 0x04, 0x08, 0x00, 0x00, 0x00, 0x00,
    0xC7, 0x05, 0x2C, 0xA1, 0x04, 0x08, 0x00, 0x00, 0x00, 0x00, 0x8C, 0x05, 0x24, 0xA1, 0x04, 0x08,
    0x8C, 0x0D, 0x26, 0xA1, 0x04, 0x08, 0x8C, 0x15, 0x28, 0xA1, 0x04, 0x08, 0x8C, 0x1D, 0x2A, 0xA1,
    0x04, 0x08, 0x8C, 0x25, 0x2C, 0xA1, 0x04, 0x08, 0x8C, 0x2D, 0x2E, 0xA1, 0x04, 0x08, 0xB8, 0x04,
    0x00, 0x00, 0x00, 0xBB, 0x01, 0x00, 0x00, 0x00, 0xB9, 0x00, 0xA1, 0x04, 0x08, 0xBA, 0x30, 0x00,
    0x00, 0x00, 0xCD, 0x80, 0xB8, 0x04, 0x00, 0x00, 0x00, 0xBB, 0x01, 0x00, 0x00, 0x00, 0xB9, 0x00,
    0xA0, 0x04, 0x08, 0xBA, 0x00, 0x01, 0x00, 0x00, 0xCD, 0x80, 0xB8, 0x04, 0x00, 0x00, 0x00, 0xBB,
    0x01, 0x00, 0x00, 0x00, 0xB9, 0x40, 0xB2, 0x04, 0x08, 0xBA, 0x00, 0x01, 0x00, 0x00, 0xCD, 0x80,
    0xB8, 0x01, 0x00, 0x00, 0x00, 0x31, 0xDB, 0xCD, 0x80,
};
static const uint8_t vec_iret_same_priv_scratch[256] = {
    0xD5, 0x0C, 0x00, 0x00, 0x1F, 0x26, 0x2D, 0x34, 0x41, 0x00, 0x00, 0x00, 0x38, 0xB3, 0x04, 0x08,
    0x38, 0xB3, 0x04, 0x08, 0x01, 0x00, 0x00, 0x00, 0xAB, 0xB2, 0xB9, 0xC0, 0xC7, 0xCE, 0xD5, 0xDC,
    0xE3, 0xEA, 0xF1, 0xF8, 0xFF, 0x06, 0x0D, 0x14, 0x1B, 0x22, 0x29, 0x30, 0x37, 0x3E, 0x45, 0x4C,
    0x53, 0x5A, 0x61, 0x68, 0x6F, 0x76, 0x7D, 0x84, 0x8B, 0x92, 0x99, 0xA0, 0xA7, 0xAE, 0xB5, 0xBC,
    0xC3, 0xCA, 0xD1, 0xD8, 0xDF, 0xE6, 0xED, 0xF4, 0xFB, 0x02, 0x09, 0x10, 0x17, 0x1E, 0x25, 0x2C,
    0x33, 0x3A, 0x41, 0x48, 0x4F, 0x56, 0x5D, 0x64, 0x6B, 0x72, 0x79, 0x80, 0x87, 0x8E, 0x95, 0x9C,
    0xA3, 0xAA, 0xB1, 0xB8, 0xBF, 0xC6, 0xCD, 0xD4, 0xDB, 0xE2, 0xE9, 0xF0, 0xF7, 0xFE, 0x05, 0x0C,
    0x13, 0x1A, 0x21, 0x28, 0x2F, 0x36, 0x3D, 0x44, 0x4B, 0x52, 0x59, 0x60, 0x67, 0x6E, 0x75, 0x7C,
    0x83, 0x8A, 0x91, 0x98, 0x9F, 0xA6, 0xAD, 0xB4, 0xBB, 0xC2, 0xC9, 0xD0, 0xD7, 0xDE, 0xE5, 0xEC,
    0xF3, 0xFA, 0x01, 0x08, 0x0F, 0x16, 0x1D, 0x24, 0x2B, 0x32, 0x39, 0x40, 0x47, 0x4E, 0x55, 0x5C,
    0x63, 0x6A, 0x71, 0x78, 0x7F, 0x86, 0x8D, 0x94, 0x9B, 0xA2, 0xA9, 0xB0, 0xB7, 0xBE, 0xC5, 0xCC,
    0xD3, 0xDA, 0xE1, 0xE8, 0xEF, 0xF6, 0xFD, 0x04, 0x0B, 0x12, 0x19, 0x20, 0x27, 0x2E, 0x35, 0x3C,
    0x43, 0x4A, 0x51, 0x58, 0x5F, 0x66, 0x6D, 0x74, 0x7B, 0x82, 0x89, 0x90, 0x97, 0x9E, 0xA5, 0xAC,
    0xB3, 0xBA, 0xC1, 0xC8, 0xCF, 0xD6, 0xDD, 0xE4, 0xEB, 0xF2, 0xF9, 0x00, 0x07, 0x0E, 0x15, 0x1C,
    0x23, 0x2A, 0x31, 0x38, 0x3F, 0x46, 0x4D, 0x54, 0x5B, 0x62, 0x69, 0x70, 0x77, 0x7E, 0x85, 0x8C,
    0x93, 0x9A, 0xA1, 0xA8, 0xAF, 0xB6, 0xBD, 0xC4, 0xCB, 0xD2, 0xD9, 0xE0, 0xE7, 0xEE, 0xF5, 0xFC,
};
static const uint8_t vec_iret_same_priv_stack[256] = {
    0x00, 0x00, 0x00, 0x00, 0x00, 0x00, 0x00, 0x00, 0x00, 0x00, 0x00, 0x00, 0x00, 0x00, 0x00, 0x00,
    0x00, 0x00, 0x00, 0x00, 0x00, 0x00, 0x00, 0x00, 0x00, 0x00, 0x00, 0x00, 0x00, 0x00, 0x00, 0x00,
    0x00, 0x00, 0x00, 0x00, 0x00, 0x00, 0x00, 0x00, 0x00, 0x00, 0x00, 0x00, 0x00, 0x00, 0x00, 0x00,
    0x00, 0x00, 0x00, 0x00, 0x00, 0x00, 0x00, 0x00, 0x00, 0x00, 0x00, 0x00, 0x00, 0x00, 0x00, 0x00,
    0x00, 0x00, 0x00, 0x00, 0x00, 0x00, 0x00, 0x00, 0x00, 0x00, 0x00, 0x00, 0x00, 0x00, 0x00, 0x00,
    0x00, 0x00, 0x00, 0x00, 0x00, 0x00, 0x00, 0x00, 0x00, 0x00, 0x00, 0x00, 0x00, 0x00, 0x00, 0x00,
    0x00, 0x00, 0x00, 0x00, 0x00, 0x00, 0x00, 0x00, 0x00, 0x00, 0x00, 0x00, 0x00, 0x00, 0x00, 0x00,
    0x00, 0x00, 0x00, 0x00, 0x00, 0x00, 0x00, 0x00, 0x00, 0x00, 0x00, 0x00, 0x00, 0x00, 0x00, 0x00,
    0x00, 0x00, 0x00, 0x00, 0x00, 0x00, 0x00, 0x00, 0x00, 0x00, 0x00, 0x00, 0x00, 0x00, 0x00, 0x00,
    0x00, 0x00, 0x00, 0x00, 0x00, 0x00, 0x00, 0x00, 0x00, 0x00, 0x00, 0x00, 0x00, 0x00, 0x00, 0x00,
    0x00, 0x00, 0x00, 0x00, 0x00, 0x00, 0x00, 0x00, 0x00, 0x00, 0x00, 0x00, 0x00, 0x00, 0x00, 0x00,
    0x00, 0x00, 0x00, 0x00, 0x00, 0x00, 0x00, 0x00, 0x00, 0x00, 0x00, 0x00, 0x00, 0x00, 0x00, 0x00,
    0x00, 0x00, 0x00, 0x00, 0x00, 0x00, 0x00, 0x00, 0x00, 0x00, 0x00, 0x00, 0x00, 0x00, 0x00, 0x00,
    0x00, 0x00, 0x00, 0x00, 0x00, 0x00, 0x00, 0x00, 0x00, 0x00, 0x00, 0x00, 0x00, 0x00, 0x00, 0x00,
    0x00, 0x00, 0x00, 0x00, 0x00, 0x00, 0x00, 0x00, 0x00, 0x00, 0x00, 0x00, 0xBF, 0x90, 0x04, 0x08,
    0x23, 0x00, 0x00, 0x00, 0xF8, 0x90, 0x04, 0x08, 0x23, 0x00, 0x5A, 0x5A, 0x03, 0x02, 0x00, 0x00,
};

static const uint8_t vec_lea_sib_code[383] = {
    0xFC, 0xBF, 0x00, 0xA0, 0x04, 0x08, 0xB9, 0x00, 0x00, 0x00, 0x00, 0xB8, 0x03, 0x00, 0x00, 0x00,
    0x88, 0x07, 0x04, 0x07, 0x47, 0x41, 0x81, 0xF9, 0x00, 0x01, 0x00, 0x00, 0x72, 0xF2, 0xB8, 0x78,
    0x56, 0x34, 0x12, 0xB9, 0xF0, 0xDE, 0xBC, 0x9A, 0xBA, 0x0F, 0x0F, 0x0F, 0x0F, 0xBB, 0x00, 0xA0,
    0x04, 0x08, 0xBD, 0x80, 0xA0, 0x04, 0x08, 0xBE, 0x00, 0xA0, 0x04, 0x08, 0xBF, 0x40, 0xA0, 0x04,
    0x08, 0xBC, 0x40, 0xB3, 0x04, 0x08, 0x68, 0x02, 0x02, 0x00, 0x00, 0x9D, 0xE9, 0x00, 0x00, 0x00,
    0x00, 0xB8, 0x00, 0x01, 0x00, 0x00, 0xBB, 0x10, 0x00, 0x00, 0x00, 0x8D, 0x0C, 0x18, 0x89, 0x0D,
    0x00, 0xA0, 0x04, 0x08, 0x8D, 0x0C, 0x58, 0x89, 0x0D, 0x04, 0xA0, 0x04, 0x08, 0x8D, 0x0C, 0x98,
    0x89, 0x0D, 0x08, 0xA0, 0x04, 0x08, 0x8D, 0x0C, 0xD8, 0x89, 0x0D, 0x0C, 0xA0, 0x04, 0x08, 0x8D,
    0x4C, 0xD8, 0x40, 0x89, 0x0D, 0x10, 0xA0, 0x04, 0x08, 0x8D, 0x48, 0xF0, 0x89, 0x0D, 0x14, 0xA0,
    0x04, 0x08, 0x8D, 0x0C, 0x9D, 0x78, 0x56, 0x34, 0x12, 0x89, 0x0D, 0x18, 0xA0, 0x04, 0x08, 0xBD,
    0x00, 0xA0, 0x04, 0x08, 0x8D, 0x4D, 0x20, 0x89, 0x0D, 0x1C, 0xA0, 0x04, 0x08, 0x8D, 0x4C, 0x05,
    0x00, 0x89, 0x0D, 0x20, 0xA0, 0x04, 0x08, 0x89, 0x25, 0x10, 0xA1, 0x04, 0x08, 0xBC, 0x40, 0xA3,
    0x04, 0x08, 0x9C, 0x8F, 0x05, 0x20, 0xA1, 0x04, 0x08, 0xA3, 0x00, 0xA1, 0x04, 0x08, 0x89, 0x0D,
    0x04, 0xA1, 0x04, 0x08, 0x89, 0x15, 0x08, 0xA1, 0x04, 0x08, 0x89, 0x1D, 0x0C, 0xA1, 0x04, 0x08,
    0x89, 0x2D, 0x14, 0xA1, 0x04, 0x08, 0x89, 0x35, 0x18, 0xA1, 0x04, 0x08, 0x89, 0x3D, 0x1C, 0xA1,
    0x04, 0x08, 0xC7, 0x05, 0x24, 0xA1, 0x04, 0x08, 0x00, 0x00, 0x00, 0x00, 0xC7, 0x05, 0x28, 0xA1,
    0x04, 0x08, 0x00, 0x00, 0x00, 0x00, 0xC7, 0x05, 0x2C, 0xA1, 0x04, 0x08, 0x00, 0x00, 0x00, 0x00,
    0x8C, 0x05, 0x24, 0xA1, 0x04, 0x08, 0x8C, 0x0D, 0x26, 0xA1, 0x04, 0x08, 0x8C, 0x15, 0x28, 0xA1,
    0x04, 0x08, 0x8C, 0x1D, 0x2A, 0xA1, 0x04, 0x08, 0x8C, 0x25, 0x2C, 0xA1, 0x04, 0x08, 0x8C, 0x2D,
    0x2E, 0xA1, 0x04, 0x08, 0xB8, 0x04, 0x00, 0x00, 0x00, 0xBB, 0x01, 0x00, 0x00, 0x00, 0xB9, 0x00,
    0xA1, 0x04, 0x08, 0xBA, 0x30, 0x00, 0x00, 0x00, 0xCD, 0x80, 0xB8, 0x04, 0x00, 0x00, 0x00, 0xBB,
    0x01, 0x00, 0x00, 0x00, 0xB9, 0x00, 0xA0, 0x04, 0x08, 0xBA, 0x00, 0x01, 0x00, 0x00, 0xCD, 0x80,
    0xB8, 0x04, 0x00, 0x00, 0x00, 0xBB, 0x01, 0x00, 0x00, 0x00, 0xB9, 0x40, 0xB2, 0x04, 0x08, 0xBA,
    0x00, 0x01, 0x00, 0x00, 0xCD, 0x80, 0xB8, 0x01, 0x00, 0x00, 0x00, 0x31, 0xDB, 0xCD, 0x80,
};
static const uint8_t vec_lea_sib_scratch[256] = {
    0x10, 0x01, 0x00, 0x00, 0x20, 0x01, 0x00, 0x00, 0x40, 0x01, 0x00, 0x00, 0x80, 0x01, 0x00, 0x00,
    0xC0, 0x01, 0x00, 0x00, 0xF0, 0x00, 0x00, 0x00, 0xB8, 0x56, 0x34, 0x12, 0x20, 0xA0, 0x04, 0x08,
    0x00, 0xA1, 0x04, 0x08, 0xFF, 0x06, 0x0D, 0x14, 0x1B, 0x22, 0x29, 0x30, 0x37, 0x3E, 0x45, 0x4C,
    0x53, 0x5A, 0x61, 0x68, 0x6F, 0x76, 0x7D, 0x84, 0x8B, 0x92, 0x99, 0xA0, 0xA7, 0xAE, 0xB5, 0xBC,
    0xC3, 0xCA, 0xD1, 0xD8, 0xDF, 0xE6, 0xED, 0xF4, 0xFB, 0x02, 0x09, 0x10, 0x17, 0x1E, 0x25, 0x2C,
    0x33, 0x3A, 0x41, 0x48, 0x4F, 0x56, 0x5D, 0x64, 0x6B, 0x72, 0x79, 0x80, 0x87, 0x8E, 0x95, 0x9C,
    0xA3, 0xAA, 0xB1, 0xB8, 0xBF, 0xC6, 0xCD, 0xD4, 0xDB, 0xE2, 0xE9, 0xF0, 0xF7, 0xFE, 0x05, 0x0C,
    0x13, 0x1A, 0x21, 0x28, 0x2F, 0x36, 0x3D, 0x44, 0x4B, 0x52, 0x59, 0x60, 0x67, 0x6E, 0x75, 0x7C,
    0x83, 0x8A, 0x91, 0x98, 0x9F, 0xA6, 0xAD, 0xB4, 0xBB, 0xC2, 0xC9, 0xD0, 0xD7, 0xDE, 0xE5, 0xEC,
    0xF3, 0xFA, 0x01, 0x08, 0x0F, 0x16, 0x1D, 0x24, 0x2B, 0x32, 0x39, 0x40, 0x47, 0x4E, 0x55, 0x5C,
    0x63, 0x6A, 0x71, 0x78, 0x7F, 0x86, 0x8D, 0x94, 0x9B, 0xA2, 0xA9, 0xB0, 0xB7, 0xBE, 0xC5, 0xCC,
    0xD3, 0xDA, 0xE1, 0xE8, 0xEF, 0xF6, 0xFD, 0x04, 0x0B, 0x12, 0x19, 0x20, 0x27, 0x2E, 0x35, 0x3C,
    0x43, 0x4A, 0x51, 0x58, 0x5F, 0x66, 0x6D, 0x74, 0x7B, 0x82, 0x89, 0x90, 0x97, 0x9E, 0xA5, 0xAC,
    0xB3, 0xBA, 0xC1, 0xC8, 0xCF, 0xD6, 0xDD, 0xE4, 0xEB, 0xF2, 0xF9, 0x00, 0x07, 0x0E, 0x15, 0x1C,
    0x23, 0x2A, 0x31, 0x38, 0x3F, 0x46, 0x4D, 0x54, 0x5B, 0x62, 0x69, 0x70, 0x77, 0x7E, 0x85, 0x8C,
    0x93, 0x9A, 0xA1, 0xA8, 0xAF, 0xB6, 0xBD, 0xC4, 0xCB, 0xD2, 0xD9, 0xE0, 0xE7, 0xEE, 0xF5, 0xFC,
};
static const uint8_t vec_lea_sib_stack[256] = {
    0x00, 0x00, 0x00, 0x00, 0x00, 0x00, 0x00, 0x00, 0x00, 0x00, 0x00, 0x00, 0x00, 0x00, 0x00, 0x00,
    0x00, 0x00, 0x00, 0x00, 0x00, 0x00, 0x00, 0x00, 0x00, 0x00, 0x00, 0x00, 0x00, 0x00, 0x00, 0x00,
    0x00, 0x00, 0x00, 0x00, 0x00, 0x00, 0x00, 0x00, 0x00, 0x00, 0x00, 0x00, 0x00, 0x00, 0x00, 0x00,
    0x00, 0x00, 0x00, 0x00, 0x00, 0x00, 0x00, 0x00, 0x00, 0x00, 0x00, 0x00, 0x00, 0x00, 0x00, 0x00,
    0x00, 0x00, 0x00, 0x00, 0x00, 0x00, 0x00, 0x00, 0x00, 0x00, 0x00, 0x00, 0x00, 0x00, 0x00, 0x00,
    0x00, 0x00, 0x00, 0x00, 0x00, 0x00, 0x00, 0x00, 0x00, 0x00, 0x00, 0x00, 0x00, 0x00, 0x00, 0x00,
    0x00, 0x00, 0x00, 0x00, 0x00, 0x00, 0x00, 0x00, 0x00, 0x00, 0x00, 0x00, 0x00, 0x00, 0x00, 0x00,
    0x00, 0x00, 0x00, 0x00, 0x00, 0x00, 0x00, 0x00, 0x00, 0x00, 0x00, 0x00, 0x00, 0x00, 0x00, 0x00,
    0x00, 0x00, 0x00, 0x00, 0x00, 0x00, 0x00, 0x00, 0x00, 0x00, 0x00, 0x00, 0x00, 0x00, 0x00, 0x00,
    0x00, 0x00, 0x00, 0x00, 0x00, 0x00, 0x00, 0x00, 0x00, 0x00, 0x00, 0x00, 0x00, 0x00, 0x00, 0x00,
    0x00, 0x00, 0x00, 0x00, 0x00, 0x00, 0x00, 0x00, 0x00, 0x00, 0x00, 0x00, 0x00, 0x00, 0x00, 0x00,
    0x00, 0x00, 0x00, 0x00, 0x00, 0x00, 0x00, 0x00, 0x00, 0x00, 0x00, 0x00, 0x00, 0x00, 0x00, 0x00,
    0x00, 0x00, 0x00, 0x00, 0x00, 0x00, 0x00, 0x00, 0x00, 0x00, 0x00, 0x00, 0x00, 0x00, 0x00, 0x00,
    0x00, 0x00, 0x00, 0x00, 0x00, 0x00, 0x00, 0x00, 0x00, 0x00, 0x00, 0x00, 0x00, 0x00, 0x00, 0x00,
    0x00, 0x00, 0x00, 0x00, 0x00, 0x00, 0x00, 0x00, 0x00, 0x00, 0x00, 0x00, 0x00, 0x00, 0x00, 0x00,
    0x00, 0x00, 0x00, 0x00, 0x00, 0x00, 0x00, 0x00, 0x00, 0x00, 0x00, 0x00, 0x02, 0x02, 0x00, 0x00,
};

static const uint8_t vec_loop_jecxz_code[368] = {
    0xFC, 0xBF, 0x00, 0xA0, 0x04, 0x08, 0xB9, 0x00, 0x00, 0x00, 0x00, 0xB8, 0x03, 0x00, 0x00, 0x00,
    0x88, 0x07, 0x04, 0x07, 0x47, 0x41, 0x81, 0xF9, 0x00, 0x01, 0x00, 0x00, 0x72, 0xF2, 0xB8, 0x78,
    0x56, 0x34, 0x12, 0xB9, 0xF0, 0xDE, 0xBC, 0x9A, 0xBA, 0x0F, 0x0F, 0x0F, 0x0F, 0xBB, 0x00, 0xA0,
    0x04, 0x08, 0xBD, 0x80, 0xA0, 0x04, 0x08, 0xBE, 0x00, 0xA0, 0x04, 0x08, 0xBF, 0x40, 0xA0, 0x04,
    0x08, 0xBC, 0x40, 0xB3, 0x04, 0x08, 0x68, 0x02, 0x02, 0x00, 0x00, 0x9D, 0xE9, 0x00, 0x00, 0x00,
    0x00, 0x31, 0xC0, 0xB9, 0x0A, 0x00, 0x00, 0x00, 0x01, 0xC8, 0xE2, 0xFC, 0xA3, 0x00, 0xA0, 0x04,
    0x08, 0xB9, 0x00, 0x00, 0x00, 0x00, 0xE3, 0x0A, 0xC7, 0x05, 0x04, 0xA0, 0x04, 0x08, 0xD0, 0xBA,
    0xD0, 0xBA, 0xC7, 0x05, 0x04, 0xA0, 0x04, 0x08, 0x00, 0x00, 0x0D, 0x60, 0xB9, 0x05, 0x00, 0x00,
    0x00, 0x31, 0xDB, 0x43, 0x83, 0xFB, 0x03, 0xE0, 0xFA, 0x89, 0x1D, 0x08, 0xA0, 0x04, 0x08, 0x89,
    0x0D, 0x0C, 0xA0, 0x04, 0x08, 0xB9, 0x04, 0x00, 0x00, 0x00, 0x31, 0xD2, 0x42, 0x83, 0xFA, 0x09,
    0xE1, 0xFA, 0x89, 0x15, 0x10, 0xA0, 0x04, 0x08, 0x89, 0x25, 0x10, 0xA1, 0x04, 0x08, 0xBC, 0x40,
    0xA3, 0x04, 0x08, 0x9C, 0x8F, 0x05, 0x20, 0xA1, 0x04, 0x08, 0xA3, 0x00, 0xA1, 0x04, 0x08, 0x89,
    0x0D, 0x04, 0xA1, 0x04, 0x08, 0x89, 0x15, 0x08, 0xA1, 0x04, 0x08, 0x89, 0x1D, 0x0C, 0xA1, 0x04,
    0x08, 0x89, 0x2D, 0x14, 0xA1, 0x04, 0x08, 0x89, 0x35, 0x18, 0xA1, 0x04, 0x08, 0x89, 0x3D, 0x1C,
    0xA1, 0x04, 0x08, 0xC7, 0x05, 0x24, 0xA1, 0x04, 0x08, 0x00, 0x00, 0x00, 0x00, 0xC7, 0x05, 0x28,
    0xA1, 0x04, 0x08, 0x00, 0x00, 0x00, 0x00, 0xC7, 0x05, 0x2C, 0xA1, 0x04, 0x08, 0x00, 0x00, 0x00,
    0x00, 0x8C, 0x05, 0x24, 0xA1, 0x04, 0x08, 0x8C, 0x0D, 0x26, 0xA1, 0x04, 0x08, 0x8C, 0x15, 0x28,
    0xA1, 0x04, 0x08, 0x8C, 0x1D, 0x2A, 0xA1, 0x04, 0x08, 0x8C, 0x25, 0x2C, 0xA1, 0x04, 0x08, 0x8C,
    0x2D, 0x2E, 0xA1, 0x04, 0x08, 0xB8, 0x04, 0x00, 0x00, 0x00, 0xBB, 0x01, 0x00, 0x00, 0x00, 0xB9,
    0x00, 0xA1, 0x04, 0x08, 0xBA, 0x30, 0x00, 0x00, 0x00, 0xCD, 0x80, 0xB8, 0x04, 0x00, 0x00, 0x00,
    0xBB, 0x01, 0x00, 0x00, 0x00, 0xB9, 0x00, 0xA0, 0x04, 0x08, 0xBA, 0x00, 0x01, 0x00, 0x00, 0xCD,
    0x80, 0xB8, 0x04, 0x00, 0x00, 0x00, 0xBB, 0x01, 0x00, 0x00, 0x00, 0xB9, 0x40, 0xB2, 0x04, 0x08,
    0xBA, 0x00, 0x01, 0x00, 0x00, 0xCD, 0x80, 0xB8, 0x01, 0x00, 0x00, 0x00, 0x31, 0xDB, 0xCD, 0x80,
};
static const uint8_t vec_loop_jecxz_scratch[256] = {
    0x37, 0x00, 0x00, 0x00, 0x00, 0x00, 0x0D, 0x60, 0x03, 0x00, 0x00, 0x00, 0x02, 0x00, 0x00, 0x00,
    0x01, 0x00, 0x00, 0x00, 0x8F, 0x96, 0x9D, 0xA4, 0xAB, 0xB2, 0xB9, 0xC0, 0xC7, 0xCE, 0xD5, 0xDC,
    0xE3, 0xEA, 0xF1, 0xF8, 0xFF, 0x06, 0x0D, 0x14, 0x1B, 0x22, 0x29, 0x30, 0x37, 0x3E, 0x45, 0x4C,
    0x53, 0x5A, 0x61, 0x68, 0x6F, 0x76, 0x7D, 0x84, 0x8B, 0x92, 0x99, 0xA0, 0xA7, 0xAE, 0xB5, 0xBC,
    0xC3, 0xCA, 0xD1, 0xD8, 0xDF, 0xE6, 0xED, 0xF4, 0xFB, 0x02, 0x09, 0x10, 0x17, 0x1E, 0x25, 0x2C,
    0x33, 0x3A, 0x41, 0x48, 0x4F, 0x56, 0x5D, 0x64, 0x6B, 0x72, 0x79, 0x80, 0x87, 0x8E, 0x95, 0x9C,
    0xA3, 0xAA, 0xB1, 0xB8, 0xBF, 0xC6, 0xCD, 0xD4, 0xDB, 0xE2, 0xE9, 0xF0, 0xF7, 0xFE, 0x05, 0x0C,
    0x13, 0x1A, 0x21, 0x28, 0x2F, 0x36, 0x3D, 0x44, 0x4B, 0x52, 0x59, 0x60, 0x67, 0x6E, 0x75, 0x7C,
    0x83, 0x8A, 0x91, 0x98, 0x9F, 0xA6, 0xAD, 0xB4, 0xBB, 0xC2, 0xC9, 0xD0, 0xD7, 0xDE, 0xE5, 0xEC,
    0xF3, 0xFA, 0x01, 0x08, 0x0F, 0x16, 0x1D, 0x24, 0x2B, 0x32, 0x39, 0x40, 0x47, 0x4E, 0x55, 0x5C,
    0x63, 0x6A, 0x71, 0x78, 0x7F, 0x86, 0x8D, 0x94, 0x9B, 0xA2, 0xA9, 0xB0, 0xB7, 0xBE, 0xC5, 0xCC,
    0xD3, 0xDA, 0xE1, 0xE8, 0xEF, 0xF6, 0xFD, 0x04, 0x0B, 0x12, 0x19, 0x20, 0x27, 0x2E, 0x35, 0x3C,
    0x43, 0x4A, 0x51, 0x58, 0x5F, 0x66, 0x6D, 0x74, 0x7B, 0x82, 0x89, 0x90, 0x97, 0x9E, 0xA5, 0xAC,
    0xB3, 0xBA, 0xC1, 0xC8, 0xCF, 0xD6, 0xDD, 0xE4, 0xEB, 0xF2, 0xF9, 0x00, 0x07, 0x0E, 0x15, 0x1C,
    0x23, 0x2A, 0x31, 0x38, 0x3F, 0x46, 0x4D, 0x54, 0x5B, 0x62, 0x69, 0x70, 0x77, 0x7E, 0x85, 0x8C,
    0x93, 0x9A, 0xA1, 0xA8, 0xAF, 0xB6, 0xBD, 0xC4, 0xCB, 0xD2, 0xD9, 0xE0, 0xE7, 0xEE, 0xF5, 0xFC,
};
static const uint8_t vec_loop_jecxz_stack[256] = {
    0x00, 0x00, 0x00, 0x00, 0x00, 0x00, 0x00, 0x00, 0x00, 0x00, 0x00, 0x00, 0x00, 0x00, 0x00, 0x00,
    0x00, 0x00, 0x00, 0x00, 0x00, 0x00, 0x00, 0x00, 0x00, 0x00, 0x00, 0x00, 0x00, 0x00, 0x00, 0x00,
    0x00, 0x00, 0x00, 0x00, 0x00, 0x00, 0x00, 0x00, 0x00, 0x00, 0x00, 0x00, 0x00, 0x00, 0x00, 0x00,
    0x00, 0x00, 0x00, 0x00, 0x00, 0x00, 0x00, 0x00, 0x00, 0x00, 0x00, 0x00, 0x00, 0x00, 0x00, 0x00,
    0x00, 0x00, 0x00, 0x00, 0x00, 0x00, 0x00, 0x00, 0x00, 0x00, 0x00, 0x00, 0x00, 0x00, 0x00, 0x00,
    0x00, 0x00, 0x00, 0x00, 0x00, 0x00, 0x00, 0x00, 0x00, 0x00, 0x00, 0x00, 0x00, 0x00, 0x00, 0x00,
    0x00, 0x00, 0x00, 0x00, 0x00, 0x00, 0x00, 0x00, 0x00, 0x00, 0x00, 0x00, 0x00, 0x00, 0x00, 0x00,
    0x00, 0x00, 0x00, 0x00, 0x00, 0x00, 0x00, 0x00, 0x00, 0x00, 0x00, 0x00, 0x00, 0x00, 0x00, 0x00,
    0x00, 0x00, 0x00, 0x00, 0x00, 0x00, 0x00, 0x00, 0x00, 0x00, 0x00, 0x00, 0x00, 0x00, 0x00, 0x00,
    0x00, 0x00, 0x00, 0x00, 0x00, 0x00, 0x00, 0x00, 0x00, 0x00, 0x00, 0x00, 0x00, 0x00, 0x00, 0x00,
    0x00, 0x00, 0x00, 0x00, 0x00, 0x00, 0x00, 0x00, 0x00, 0x00, 0x00, 0x00, 0x00, 0x00, 0x00, 0x00,
    0x00, 0x00, 0x00, 0x00, 0x00, 0x00, 0x00, 0x00, 0x00, 0x00, 0x00, 0x00, 0x00, 0x00, 0x00, 0x00,
    0x00, 0x00, 0x00, 0x00, 0x00, 0x00, 0x00, 0x00, 0x00, 0x00, 0x00, 0x00, 0x00, 0x00, 0x00, 0x00,
    0x00, 0x00, 0x00, 0x00, 0x00, 0x00, 0x00, 0x00, 0x00, 0x00, 0x00, 0x00, 0x00, 0x00, 0x00, 0x00,
    0x00, 0x00, 0x00, 0x00, 0x00, 0x00, 0x00, 0x00, 0x00, 0x00, 0x00, 0x00, 0x00, 0x00, 0x00, 0x00,
    0x00, 0x00, 0x00, 0x00, 0x00, 0x00, 0x00, 0x00, 0x00, 0x00, 0x00, 0x00, 0x02, 0x02, 0x00, 0x00,
};

static const uint8_t vec_mem_addressing_code[357] = {
    0xFC, 0xBF, 0x00, 0xA0, 0x04, 0x08, 0xB9, 0x00, 0x00, 0x00, 0x00, 0xB8, 0x03, 0x00, 0x00, 0x00,
    0x88, 0x07, 0x04, 0x07, 0x47, 0x41, 0x81, 0xF9, 0x00, 0x01, 0x00, 0x00, 0x72, 0xF2, 0xB8, 0x78,
    0x56, 0x34, 0x12, 0xB9, 0xF0, 0xDE, 0xBC, 0x9A, 0xBA, 0x0F, 0x0F, 0x0F, 0x0F, 0xBB, 0x00, 0xA0,
    0x04, 0x08, 0xBD, 0x80, 0xA0, 0x04, 0x08, 0xBE, 0x00, 0xA0, 0x04, 0x08, 0xBF, 0x40, 0xA0, 0x04,
    0x08, 0xBC, 0x40, 0xB3, 0x04, 0x08, 0x68, 0x02, 0x02, 0x00, 0x00, 0x9D, 0xE9, 0x00, 0x00, 0x00,
    0x00, 0xBB, 0x00, 0xA0, 0x04, 0x08, 0xB8, 0x44, 0x33, 0x22, 0x11, 0x89, 0x03, 0x89, 0x43, 0x04,
    0xBE, 0x02, 0x00, 0x00, 0x00, 0x89, 0x44, 0xB3, 0x08, 0xC6, 0x43, 0x30, 0x77, 0x66, 0xC7, 0x43,
    0x32, 0x99, 0x88, 0x8B, 0x0B, 0x8B, 0x54, 0xB3, 0x08, 0x0F, 0xB6, 0x7B, 0x30, 0x0F, 0xBE, 0x6B,
    0x30, 0x81, 0x43, 0x04, 0x11, 0x11, 0x11, 0x11, 0x83, 0x2B, 0x01, 0x31, 0x43, 0x40, 0xBD, 0x80,
    0xA0, 0x04, 0x08, 0xC7, 0x45, 0xF0, 0xBE, 0xBA, 0xFE, 0xCA, 0x8B, 0x75, 0xF0, 0x89, 0x25, 0x10,
    0xA1, 0x04, 0x08, 0xBC, 0x40, 0xA3, 0x04, 0x08, 0x9C, 0x8F, 0x05, 0x20, 0xA1, 0x04, 0x08, 0xA3,
    0x00, 0xA1, 0x04, 0x08, 0x89, 0x0D, 0x04, 0xA1, 0x04, 0x08, 0x89, 0x15, 0x08, 0xA1, 0x04, 0x08,
    0x89, 0x1D, 0x0C, 0xA1, 0x04, 0x08, 0x89, 0x2D, 0x14, 0xA1, 0x04, 0x08, 0x89, 0x35, 0x18, 0xA1,
    0x04, 0x08, 0x89, 0x3D, 0x1C, 0xA1, 0x04, 0x08, 0xC7, 0x05, 0x24, 0xA1, 0x04, 0x08, 0x00, 0x00,
    0x00, 0x00, 0xC7, 0x05, 0x28, 0xA1, 0x04, 0x08, 0x00, 0x00, 0x00, 0x00, 0xC7, 0x05, 0x2C, 0xA1,
    0x04, 0x08, 0x00, 0x00, 0x00, 0x00, 0x8C, 0x05, 0x24, 0xA1, 0x04, 0x08, 0x8C, 0x0D, 0x26, 0xA1,
    0x04, 0x08, 0x8C, 0x15, 0x28, 0xA1, 0x04, 0x08, 0x8C, 0x1D, 0x2A, 0xA1, 0x04, 0x08, 0x8C, 0x25,
    0x2C, 0xA1, 0x04, 0x08, 0x8C, 0x2D, 0x2E, 0xA1, 0x04, 0x08, 0xB8, 0x04, 0x00, 0x00, 0x00, 0xBB,
    0x01, 0x00, 0x00, 0x00, 0xB9, 0x00, 0xA1, 0x04, 0x08, 0xBA, 0x30, 0x00, 0x00, 0x00, 0xCD, 0x80,
    0xB8, 0x04, 0x00, 0x00, 0x00, 0xBB, 0x01, 0x00, 0x00, 0x00, 0xB9, 0x00, 0xA0, 0x04, 0x08, 0xBA,
    0x00, 0x01, 0x00, 0x00, 0xCD, 0x80, 0xB8, 0x04, 0x00, 0x00, 0x00, 0xBB, 0x01, 0x00, 0x00, 0x00,
    0xB9, 0x40, 0xB2, 0x04, 0x08, 0xBA, 0x00, 0x01, 0x00, 0x00, 0xCD, 0x80, 0xB8, 0x01, 0x00, 0x00,
    0x00, 0x31, 0xDB, 0xCD, 0x80,
};
static const uint8_t vec_mem_addressing_scratch[256] = {
    0x43, 0x33, 0x22, 0x11, 0x55, 0x44, 0x33, 0x22, 0x3B, 0x42, 0x49, 0x50, 0x57, 0x5E, 0x65, 0x6C,
    0x44, 0x33, 0x22, 0x11, 0x8F, 0x96, 0x9D, 0xA4, 0xAB, 0xB2, 0xB9, 0xC0, 0xC7, 0xCE, 0xD5, 0xDC,
    0xE3, 0xEA, 0xF1, 0xF8, 0xFF, 0x06, 0x0D, 0x14, 0x1B, 0x22, 0x29, 0x30, 0x37, 0x3E, 0x45, 0x4C,
    0x77, 0x5A, 0x99, 0x88, 0x6F, 0x76, 0x7D, 0x84, 0x8B, 0x92, 0x99, 0xA0, 0xA7, 0xAE, 0xB5, 0xBC,
    0x87, 0xF9, 0xF3, 0xC9, 0xDF, 0xE6, 0xED, 0xF4, 0xFB, 0x02, 0x09, 0x10, 0x17, 0x1E, 0x25, 0x2C,
    0x33, 0x3A, 0x41, 0x48, 0x4F, 0x56, 0x5D, 0x64, 0x6B, 0x72, 0x79, 0x80, 0x87, 0x8E, 0x95, 0x9C,
    0xA3, 0xAA, 0xB1, 0xB8, 0xBF, 0xC6, 0xCD, 0xD4, 0xDB, 0xE2, 0xE9, 0xF0, 0xF7, 0xFE, 0x05, 0x0C,
    0xBE, 0xBA, 0xFE, 0xCA, 0x2F, 0x36, 0x3D, 0x44, 0x4B, 0x52, 0x59, 0x60, 0x67, 0x6E, 0x75, 0x7C,
    0x83, 0x8A, 0x91, 0x98, 0x9F, 0xA6, 0xAD, 0xB4, 0xBB, 0xC2, 0xC9, 0xD0, 0xD7, 0xDE, 0xE5, 0xEC,
    0xF3, 0xFA, 0x01, 0x08, 0x0F, 0x16, 0x1D, 0x24, 0x2B, 0x32, 0x39, 0x40, 0x47, 0x4E, 0x55, 0x5C,
    0x63, 0x6A, 0x71, 0x78, 0x7F, 0x86, 0x8D, 0x94, 0x9B, 0xA2, 0xA9, 0xB0, 0xB7, 0xBE, 0xC5, 0xCC,
    0xD3, 0xDA, 0xE1, 0xE8, 0xEF, 0xF6, 0xFD, 0x04, 0x0B, 0x12, 0x19, 0x20, 0x27, 0x2E, 0x35, 0x3C,
    0x43, 0x4A, 0x51, 0x58, 0x5F, 0x66, 0x6D, 0x74, 0x7B, 0x82, 0x89, 0x90, 0x97, 0x9E, 0xA5, 0xAC,
    0xB3, 0xBA, 0xC1, 0xC8, 0xCF, 0xD6, 0xDD, 0xE4, 0xEB, 0xF2, 0xF9, 0x00, 0x07, 0x0E, 0x15, 0x1C,
    0x23, 0x2A, 0x31, 0x38, 0x3F, 0x46, 0x4D, 0x54, 0x5B, 0x62, 0x69, 0x70, 0x77, 0x7E, 0x85, 0x8C,
    0x93, 0x9A, 0xA1, 0xA8, 0xAF, 0xB6, 0xBD, 0xC4, 0xCB, 0xD2, 0xD9, 0xE0, 0xE7, 0xEE, 0xF5, 0xFC,
};
static const uint8_t vec_mem_addressing_stack[256] = {
    0x00, 0x00, 0x00, 0x00, 0x00, 0x00, 0x00, 0x00, 0x00, 0x00, 0x00, 0x00, 0x00, 0x00, 0x00, 0x00,
    0x00, 0x00, 0x00, 0x00, 0x00, 0x00, 0x00, 0x00, 0x00, 0x00, 0x00, 0x00, 0x00, 0x00, 0x00, 0x00,
    0x00, 0x00, 0x00, 0x00, 0x00, 0x00, 0x00, 0x00, 0x00, 0x00, 0x00, 0x00, 0x00, 0x00, 0x00, 0x00,
    0x00, 0x00, 0x00, 0x00, 0x00, 0x00, 0x00, 0x00, 0x00, 0x00, 0x00, 0x00, 0x00, 0x00, 0x00, 0x00,
    0x00, 0x00, 0x00, 0x00, 0x00, 0x00, 0x00, 0x00, 0x00, 0x00, 0x00, 0x00, 0x00, 0x00, 0x00, 0x00,
    0x00, 0x00, 0x00, 0x00, 0x00, 0x00, 0x00, 0x00, 0x00, 0x00, 0x00, 0x00, 0x00, 0x00, 0x00, 0x00,
    0x00, 0x00, 0x00, 0x00, 0x00, 0x00, 0x00, 0x00, 0x00, 0x00, 0x00, 0x00, 0x00, 0x00, 0x00, 0x00,
    0x00, 0x00, 0x00, 0x00, 0x00, 0x00, 0x00, 0x00, 0x00, 0x00, 0x00, 0x00, 0x00, 0x00, 0x00, 0x00,
    0x00, 0x00, 0x00, 0x00, 0x00, 0x00, 0x00, 0x00, 0x00, 0x00, 0x00, 0x00, 0x00, 0x00, 0x00, 0x00,
    0x00, 0x00, 0x00, 0x00, 0x00, 0x00, 0x00, 0x00, 0x00, 0x00, 0x00, 0x00, 0x00, 0x00, 0x00, 0x00,
    0x00, 0x00, 0x00, 0x00, 0x00, 0x00, 0x00, 0x00, 0x00, 0x00, 0x00, 0x00, 0x00, 0x00, 0x00, 0x00,
    0x00, 0x00, 0x00, 0x00, 0x00, 0x00, 0x00, 0x00, 0x00, 0x00, 0x00, 0x00, 0x00, 0x00, 0x00, 0x00,
    0x00, 0x00, 0x00, 0x00, 0x00, 0x00, 0x00, 0x00, 0x00, 0x00, 0x00, 0x00, 0x00, 0x00, 0x00, 0x00,
    0x00, 0x00, 0x00, 0x00, 0x00, 0x00, 0x00, 0x00, 0x00, 0x00, 0x00, 0x00, 0x00, 0x00, 0x00, 0x00,
    0x00, 0x00, 0x00, 0x00, 0x00, 0x00, 0x00, 0x00, 0x00, 0x00, 0x00, 0x00, 0x00, 0x00, 0x00, 0x00,
    0x00, 0x00, 0x00, 0x00, 0x00, 0x00, 0x00, 0x00, 0x00, 0x00, 0x00, 0x00, 0x02, 0x02, 0x00, 0x00,
};

static const uint8_t vec_misc_flags_code[408] = {
    0xFC, 0xBF, 0x00, 0xA0, 0x04, 0x08, 0xB9, 0x00, 0x00, 0x00, 0x00, 0xB8, 0x03, 0x00, 0x00, 0x00,
    0x88, 0x07, 0x04, 0x07, 0x47, 0x41, 0x81, 0xF9, 0x00, 0x01, 0x00, 0x00, 0x72, 0xF2, 0xB8, 0x78,
    0x56, 0x34, 0x12, 0xB9, 0xF0, 0xDE, 0xBC, 0x9A, 0xBA, 0x0F, 0x0F, 0x0F, 0x0F, 0xBB, 0x00, 0xA0,
    0x04, 0x08, 0xBD, 0x80, 0xA0, 0x04, 0x08, 0xBE, 0x00, 0xA0, 0x04, 0x08, 0xBF, 0x40, 0xA0, 0x04,
    0x08, 0xBC, 0x40, 0xB3, 0x04, 0x08, 0x68, 0x02, 0x02, 0x00, 0x00, 0x9D, 0xE9, 0x00, 0x00, 0x00,
    0x00, 0xF8, 0x0F, 0x92, 0x05, 0x00, 0xA0, 0x04, 0x08, 0xF9, 0x0F, 0x92, 0x05, 0x01, 0xA0, 0x04,
    0x08, 0xF5, 0x0F, 0x92, 0x05, 0x02, 0xA0, 0x04, 0x08, 0xFC, 0xFD, 0x9C, 0x58, 0x25, 0x00, 0x04,
    0x00, 0x00, 0xA3, 0x04, 0xA0, 0x04, 0x08, 0xFC, 0xB8, 0x78, 0x56, 0x34, 0x12, 0x9F, 0xA3, 0x08,
    0xA0, 0x04, 0x08, 0xB4, 0xD5, 0x9E, 0x0F, 0x92, 0x05, 0x0C, 0xA0, 0x04, 0x08, 0x0F, 0x94, 0x05,
    0x0D, 0xA0, 0x04, 0x08, 0x0F, 0x98, 0x05, 0x0E, 0xA0, 0x04, 0x08, 0x0F, 0x9A, 0x05, 0x0F, 0xA0,
    0x04, 0x08, 0xB8, 0x00, 0x00, 0xFF, 0xFF, 0x98, 0xA3, 0x10, 0xA0, 0x04, 0x08, 0xB8, 0x00, 0x80,
    0x00, 0x00, 0x98, 0xA3, 0x14, 0xA0, 0x04, 0x08, 0xB8, 0x00, 0x00, 0x00, 0x80, 0x99, 0x89, 0x15,
    0x18, 0xA0, 0x04, 0x08, 0xB8, 0x00, 0x00, 0x00, 0x7F, 0x99, 0x89, 0x15, 0x1C, 0xA0, 0x04, 0x08,
    0x89, 0x25, 0x10, 0xA1, 0x04, 0x08, 0xBC, 0x40, 0xA3, 0x04, 0x08, 0x9C, 0x8F, 0x05, 0x20, 0xA1,
    0x04, 0x08, 0xA3, 0x00, 0xA1, 0x04, 0x08, 0x89, 0x0D, 0x04, 0xA1, 0x04, 0x08, 0x89, 0x15, 0x08,
    0xA1, 0x04, 0x08, 0x89, 0x1D, 0x0C, 0xA1, 0x04, 0x08, 0x89, 0x2D, 0x14, 0xA1, 0x04, 0x08, 0x89,
    0x35, 0x18, 0xA1, 0x04, 0x08, 0x89, 0x3D, 0x1C, 0xA1, 0x04, 0x08, 0xC7, 0x05, 0x24, 0xA1, 0x04,
    0x08, 0x00, 0x00, 0x00, 0x00, 0xC7, 0x05, 0x28, 0xA1, 0x04, 0x08, 0x00, 0x00, 0x00, 0x00, 0xC7,
    0x05, 0x2C, 0xA1, 0x04, 0x08, 0x00, 0x00, 0x00, 0x00, 0x8C, 0x05, 0x24, 0xA1, 0x04, 0x08, 0x8C,
    0x0D, 0x26, 0xA1, 0x04, 0x08, 0x8C, 0x15, 0x28, 0xA1, 0x04, 0x08, 0x8C, 0x1D, 0x2A, 0xA1, 0x04,
    0x08, 0x8C, 0x25, 0x2C, 0xA1, 0x04, 0x08, 0x8C, 0x2D, 0x2E, 0xA1, 0x04, 0x08, 0xB8, 0x04, 0x00,
    0x00, 0x00, 0xBB, 0x01, 0x00, 0x00, 0x00, 0xB9, 0x00, 0xA1, 0x04, 0x08, 0xBA, 0x30, 0x00, 0x00,
    0x00, 0xCD, 0x80, 0xB8, 0x04, 0x00, 0x00, 0x00, 0xBB, 0x01, 0x00, 0x00, 0x00, 0xB9, 0x00, 0xA0,
    0x04, 0x08, 0xBA, 0x00, 0x01, 0x00, 0x00, 0xCD, 0x80, 0xB8, 0x04, 0x00, 0x00, 0x00, 0xBB, 0x01,
    0x00, 0x00, 0x00, 0xB9, 0x40, 0xB2, 0x04, 0x08, 0xBA, 0x00, 0x01, 0x00, 0x00, 0xCD, 0x80, 0xB8,
    0x01, 0x00, 0x00, 0x00, 0x31, 0xDB, 0xCD, 0x80,
};
static const uint8_t vec_misc_flags_scratch[256] = {
    0x00, 0x01, 0x00, 0x18, 0x00, 0x04, 0x00, 0x00, 0x78, 0x06, 0x34, 0x12, 0x01, 0x01, 0x01, 0x01,
    0x00, 0x00, 0x00, 0x00, 0x00, 0x80, 0xFF, 0xFF, 0xFF, 0xFF, 0xFF, 0xFF, 0x00, 0x00, 0x00, 0x00,
    0xE3, 0xEA, 0xF1, 0xF8, 0xFF, 0x06, 0x0D, 0x14, 0x1B, 0x22, 0x29, 0x30, 0x37, 0x3E, 0x45, 0x4C,
    0x53, 0x5A, 0x61, 0x68, 0x6F, 0x76, 0x7D, 0x84, 0x8B, 0x92, 0x99, 0xA0, 0xA7, 0xAE, 0xB5, 0xBC,
    0xC3, 0xCA, 0xD1, 0xD8, 0xDF, 0xE6, 0xED, 0xF4, 0xFB, 0x02, 0x09, 0x10, 0x17, 0x1E, 0x25, 0x2C,
    0x33, 0x3A, 0x41, 0x48, 0x4F, 0x56, 0x5D, 0x64, 0x6B, 0x72, 0x79, 0x80, 0x87, 0x8E, 0x95, 0x9C,
    0xA3, 0xAA, 0xB1, 0xB8, 0xBF, 0xC6, 0xCD, 0xD4, 0xDB, 0xE2, 0xE9, 0xF0, 0xF7, 0xFE, 0x05, 0x0C,
    0x13, 0x1A, 0x21, 0x28, 0x2F, 0x36, 0x3D, 0x44, 0x4B, 0x52, 0x59, 0x60, 0x67, 0x6E, 0x75, 0x7C,
    0x83, 0x8A, 0x91, 0x98, 0x9F, 0xA6, 0xAD, 0xB4, 0xBB, 0xC2, 0xC9, 0xD0, 0xD7, 0xDE, 0xE5, 0xEC,
    0xF3, 0xFA, 0x01, 0x08, 0x0F, 0x16, 0x1D, 0x24, 0x2B, 0x32, 0x39, 0x40, 0x47, 0x4E, 0x55, 0x5C,
    0x63, 0x6A, 0x71, 0x78, 0x7F, 0x86, 0x8D, 0x94, 0x9B, 0xA2, 0xA9, 0xB0, 0xB7, 0xBE, 0xC5, 0xCC,
    0xD3, 0xDA, 0xE1, 0xE8, 0xEF, 0xF6, 0xFD, 0x04, 0x0B, 0x12, 0x19, 0x20, 0x27, 0x2E, 0x35, 0x3C,
    0x43, 0x4A, 0x51, 0x58, 0x5F, 0x66, 0x6D, 0x74, 0x7B, 0x82, 0x89, 0x90, 0x97, 0x9E, 0xA5, 0xAC,
    0xB3, 0xBA, 0xC1, 0xC8, 0xCF, 0xD6, 0xDD, 0xE4, 0xEB, 0xF2, 0xF9, 0x00, 0x07, 0x0E, 0x15, 0x1C,
    0x23, 0x2A, 0x31, 0x38, 0x3F, 0x46, 0x4D, 0x54, 0x5B, 0x62, 0x69, 0x70, 0x77, 0x7E, 0x85, 0x8C,
    0x93, 0x9A, 0xA1, 0xA8, 0xAF, 0xB6, 0xBD, 0xC4, 0xCB, 0xD2, 0xD9, 0xE0, 0xE7, 0xEE, 0xF5, 0xFC,
};
static const uint8_t vec_misc_flags_stack[256] = {
    0x00, 0x00, 0x00, 0x00, 0x00, 0x00, 0x00, 0x00, 0x00, 0x00, 0x00, 0x00, 0x00, 0x00, 0x00, 0x00,
    0x00, 0x00, 0x00, 0x00, 0x00, 0x00, 0x00, 0x00, 0x00, 0x00, 0x00, 0x00, 0x00, 0x00, 0x00, 0x00,
    0x00, 0x00, 0x00, 0x00, 0x00, 0x00, 0x00, 0x00, 0x00, 0x00, 0x00, 0x00, 0x00, 0x00, 0x00, 0x00,
    0x00, 0x00, 0x00, 0x00, 0x00, 0x00, 0x00, 0x00, 0x00, 0x00, 0x00, 0x00, 0x00, 0x00, 0x00, 0x00,
    0x00, 0x00, 0x00, 0x00, 0x00, 0x00, 0x00, 0x00, 0x00, 0x00, 0x00, 0x00, 0x00, 0x00, 0x00, 0x00,
    0x00, 0x00, 0x00, 0x00, 0x00, 0x00, 0x00, 0x00, 0x00, 0x00, 0x00, 0x00, 0x00, 0x00, 0x00, 0x00,
    0x00, 0x00, 0x00, 0x00, 0x00, 0x00, 0x00, 0x00, 0x00, 0x00, 0x00, 0x00, 0x00, 0x00, 0x00, 0x00,
    0x00, 0x00, 0x00, 0x00, 0x00, 0x00, 0x00, 0x00, 0x00, 0x00, 0x00, 0x00, 0x00, 0x00, 0x00, 0x00,
    0x00, 0x00, 0x00, 0x00, 0x00, 0x00, 0x00, 0x00, 0x00, 0x00, 0x00, 0x00, 0x00, 0x00, 0x00, 0x00,
    0x00, 0x00, 0x00, 0x00, 0x00, 0x00, 0x00, 0x00, 0x00, 0x00, 0x00, 0x00, 0x00, 0x00, 0x00, 0x00,
    0x00, 0x00, 0x00, 0x00, 0x00, 0x00, 0x00, 0x00, 0x00, 0x00, 0x00, 0x00, 0x00, 0x00, 0x00, 0x00,
    0x00, 0x00, 0x00, 0x00, 0x00, 0x00, 0x00, 0x00, 0x00, 0x00, 0x00, 0x00, 0x00, 0x00, 0x00, 0x00,
    0x00, 0x00, 0x00, 0x00, 0x00, 0x00, 0x00, 0x00, 0x00, 0x00, 0x00, 0x00, 0x00, 0x00, 0x00, 0x00,
    0x00, 0x00, 0x00, 0x00, 0x00, 0x00, 0x00, 0x00, 0x00, 0x00, 0x00, 0x00, 0x00, 0x00, 0x00, 0x00,
    0x00, 0x00, 0x00, 0x00, 0x00, 0x00, 0x00, 0x00, 0x00, 0x00, 0x00, 0x00, 0x00, 0x00, 0x00, 0x00,
    0x00, 0x00, 0x00, 0x00, 0x00, 0x00, 0x00, 0x00, 0x00, 0x00, 0x00, 0x00, 0x02, 0x06, 0x00, 0x00,
};

static const uint8_t vec_mov_basic_code[334] = {
    0xFC, 0xBF, 0x00, 0xA0, 0x04, 0x08, 0xB9, 0x00, 0x00, 0x00, 0x00, 0xB8, 0x03, 0x00, 0x00, 0x00,
    0x88, 0x07, 0x04, 0x07, 0x47, 0x41, 0x81, 0xF9, 0x00, 0x01, 0x00, 0x00, 0x72, 0xF2, 0xB8, 0x78,
    0x56, 0x34, 0x12, 0xB9, 0xF0, 0xDE, 0xBC, 0x9A, 0xBA, 0x0F, 0x0F, 0x0F, 0x0F, 0xBB, 0x00, 0xA0,
    0x04, 0x08, 0xBD, 0x80, 0xA0, 0x04, 0x08, 0xBE, 0x00, 0xA0, 0x04, 0x08, 0xBF, 0x40, 0xA0, 0x04,
    0x08, 0xBC, 0x40, 0xB3, 0x04, 0x08, 0x68, 0x02, 0x02, 0x00, 0x00, 0x9D, 0xE9, 0x00, 0x00, 0x00,
    0x00, 0xB8, 0xEF, 0xBE, 0xAD, 0xDE, 0x66, 0xBB, 0x34, 0x12, 0xB1, 0xB5, 0x89, 0xC2, 0x0F, 0xB6,
    0xF1, 0x0F, 0xBE, 0xF9, 0x0F, 0xB7, 0xEB, 0xA3, 0x10, 0xA0, 0x04, 0x08, 0x8B, 0x0D, 0x10, 0xA0,
    0x04, 0x08, 0x66, 0x89, 0x1D, 0x20, 0xA0, 0x04, 0x08, 0x88, 0x0D, 0x24, 0xA0, 0x04, 0x08, 0x0F,
    0xBF, 0x1D, 0x20, 0xA0, 0x04, 0x08, 0x89, 0x25, 0x10, 0xA1, 0x04, 0x08, 0xBC, 0x40, 0xA3, 0x04,
    0x08, 0x9C, 0x8F, 0x05, 0x20, 0xA1, 0x04, 0x08, 0xA3, 0x00, 0xA1, 0x04, 0x08, 0x89, 0x0D, 0x04,
    0xA1, 0x04, 0x08, 0x89, 0x15, 0x08, 0xA1, 0x04, 0x08, 0x89, 0x1D, 0x0C, 0xA1, 0x04, 0x08, 0x89,
    0x2D, 0x14, 0xA1, 0x04, 0x08, 0x89, 0x35, 0x18, 0xA1, 0x04, 0x08, 0x89, 0x3D, 0x1C, 0xA1, 0x04,
    0x08, 0xC7, 0x05, 0x24, 0xA1, 0x04, 0x08, 0x00, 0x00, 0x00, 0x00, 0xC7, 0x05, 0x28, 0xA1, 0x04,
    0x08, 0x00, 0x00, 0x00, 0x00, 0xC7, 0x05, 0x2C, 0xA1, 0x04, 0x08, 0x00, 0x00, 0x00, 0x00, 0x8C,
    0x05, 0x24, 0xA1, 0x04, 0x08, 0x8C, 0x0D, 0x26, 0xA1, 0x04, 0x08, 0x8C, 0x15, 0x28, 0xA1, 0x04,
    0x08, 0x8C, 0x1D, 0x2A, 0xA1, 0x04, 0x08, 0x8C, 0x25, 0x2C, 0xA1, 0x04, 0x08, 0x8C, 0x2D, 0x2E,
    0xA1, 0x04, 0x08, 0xB8, 0x04, 0x00, 0x00, 0x00, 0xBB, 0x01, 0x00, 0x00, 0x00, 0xB9, 0x00, 0xA1,
    0x04, 0x08, 0xBA, 0x30, 0x00, 0x00, 0x00, 0xCD, 0x80, 0xB8, 0x04, 0x00, 0x00, 0x00, 0xBB, 0x01,
    0x00, 0x00, 0x00, 0xB9, 0x00, 0xA0, 0x04, 0x08, 0xBA, 0x00, 0x01, 0x00, 0x00, 0xCD, 0x80, 0xB8,
    0x04, 0x00, 0x00, 0x00, 0xBB, 0x01, 0x00, 0x00, 0x00, 0xB9, 0x40, 0xB2, 0x04, 0x08, 0xBA, 0x00,
    0x01, 0x00, 0x00, 0xCD, 0x80, 0xB8, 0x01, 0x00, 0x00, 0x00, 0x31, 0xDB, 0xCD, 0x80,
};
static const uint8_t vec_mov_basic_scratch[256] = {
    0x03, 0x0A, 0x11, 0x18, 0x1F, 0x26, 0x2D, 0x34, 0x3B, 0x42, 0x49, 0x50, 0x57, 0x5E, 0x65, 0x6C,
    0xEF, 0xBE, 0xAD, 0xDE, 0x8F, 0x96, 0x9D, 0xA4, 0xAB, 0xB2, 0xB9, 0xC0, 0xC7, 0xCE, 0xD5, 0xDC,
    0x34, 0x12, 0xF1, 0xF8, 0xEF, 0x06, 0x0D, 0x14, 0x1B, 0x22, 0x29, 0x30, 0x37, 0x3E, 0x45, 0x4C,
    0x53, 0x5A, 0x61, 0x68, 0x6F, 0x76, 0x7D, 0x84, 0x8B, 0x92, 0x99, 0xA0, 0xA7, 0xAE, 0xB5, 0xBC,
    0xC3, 0xCA, 0xD1, 0xD8, 0xDF, 0xE6, 0xED, 0xF4, 0xFB, 0x02, 0x09, 0x10, 0x17, 0x1E, 0x25, 0x2C,
    0x33, 0x3A, 0x41, 0x48, 0x4F, 0x56, 0x5D, 0x64, 0x6B, 0x72, 0x79, 0x80, 0x87, 0x8E, 0x95, 0x9C,
    0xA3, 0xAA, 0xB1, 0xB8, 0xBF, 0xC6, 0xCD, 0xD4, 0xDB, 0xE2, 0xE9, 0xF0, 0xF7, 0xFE, 0x05, 0x0C,
    0x13, 0x1A, 0x21, 0x28, 0x2F, 0x36, 0x3D, 0x44, 0x4B, 0x52, 0x59, 0x60, 0x67, 0x6E, 0x75, 0x7C,
    0x83, 0x8A, 0x91, 0x98, 0x9F, 0xA6, 0xAD, 0xB4, 0xBB, 0xC2, 0xC9, 0xD0, 0xD7, 0xDE, 0xE5, 0xEC,
    0xF3, 0xFA, 0x01, 0x08, 0x0F, 0x16, 0x1D, 0x24, 0x2B, 0x32, 0x39, 0x40, 0x47, 0x4E, 0x55, 0x5C,
    0x63, 0x6A, 0x71, 0x78, 0x7F, 0x86, 0x8D, 0x94, 0x9B, 0xA2, 0xA9, 0xB0, 0xB7, 0xBE, 0xC5, 0xCC,
    0xD3, 0xDA, 0xE1, 0xE8, 0xEF, 0xF6, 0xFD, 0x04, 0x0B, 0x12, 0x19, 0x20, 0x27, 0x2E, 0x35, 0x3C,
    0x43, 0x4A, 0x51, 0x58, 0x5F, 0x66, 0x6D, 0x74, 0x7B, 0x82, 0x89, 0x90, 0x97, 0x9E, 0xA5, 0xAC,
    0xB3, 0xBA, 0xC1, 0xC8, 0xCF, 0xD6, 0xDD, 0xE4, 0xEB, 0xF2, 0xF9, 0x00, 0x07, 0x0E, 0x15, 0x1C,
    0x23, 0x2A, 0x31, 0x38, 0x3F, 0x46, 0x4D, 0x54, 0x5B, 0x62, 0x69, 0x70, 0x77, 0x7E, 0x85, 0x8C,
    0x93, 0x9A, 0xA1, 0xA8, 0xAF, 0xB6, 0xBD, 0xC4, 0xCB, 0xD2, 0xD9, 0xE0, 0xE7, 0xEE, 0xF5, 0xFC,
};
static const uint8_t vec_mov_basic_stack[256] = {
    0x00, 0x00, 0x00, 0x00, 0x00, 0x00, 0x00, 0x00, 0x00, 0x00, 0x00, 0x00, 0x00, 0x00, 0x00, 0x00,
    0x00, 0x00, 0x00, 0x00, 0x00, 0x00, 0x00, 0x00, 0x00, 0x00, 0x00, 0x00, 0x00, 0x00, 0x00, 0x00,
    0x00, 0x00, 0x00, 0x00, 0x00, 0x00, 0x00, 0x00, 0x00, 0x00, 0x00, 0x00, 0x00, 0x00, 0x00, 0x00,
    0x00, 0x00, 0x00, 0x00, 0x00, 0x00, 0x00, 0x00, 0x00, 0x00, 0x00, 0x00, 0x00, 0x00, 0x00, 0x00,
    0x00, 0x00, 0x00, 0x00, 0x00, 0x00, 0x00, 0x00, 0x00, 0x00, 0x00, 0x00, 0x00, 0x00, 0x00, 0x00,
    0x00, 0x00, 0x00, 0x00, 0x00, 0x00, 0x00, 0x00, 0x00, 0x00, 0x00, 0x00, 0x00, 0x00, 0x00, 0x00,
    0x00, 0x00, 0x00, 0x00, 0x00, 0x00, 0x00, 0x00, 0x00, 0x00, 0x00, 0x00, 0x00, 0x00, 0x00, 0x00,
    0x00, 0x00, 0x00, 0x00, 0x00, 0x00, 0x00, 0x00, 0x00, 0x00, 0x00, 0x00, 0x00, 0x00, 0x00, 0x00,
    0x00, 0x00, 0x00, 0x00, 0x00, 0x00, 0x00, 0x00, 0x00, 0x00, 0x00, 0x00, 0x00, 0x00, 0x00, 0x00,
    0x00, 0x00, 0x00, 0x00, 0x00, 0x00, 0x00, 0x00, 0x00, 0x00, 0x00, 0x00, 0x00, 0x00, 0x00, 0x00,
    0x00, 0x00, 0x00, 0x00, 0x00, 0x00, 0x00, 0x00, 0x00, 0x00, 0x00, 0x00, 0x00, 0x00, 0x00, 0x00,
    0x00, 0x00, 0x00, 0x00, 0x00, 0x00, 0x00, 0x00, 0x00, 0x00, 0x00, 0x00, 0x00, 0x00, 0x00, 0x00,
    0x00, 0x00, 0x00, 0x00, 0x00, 0x00, 0x00, 0x00, 0x00, 0x00, 0x00, 0x00, 0x00, 0x00, 0x00, 0x00,
    0x00, 0x00, 0x00, 0x00, 0x00, 0x00, 0x00, 0x00, 0x00, 0x00, 0x00, 0x00, 0x00, 0x00, 0x00, 0x00,
    0x00, 0x00, 0x00, 0x00, 0x00, 0x00, 0x00, 0x00, 0x00, 0x00, 0x00, 0x00, 0x00, 0x00, 0x00, 0x00,
    0x00, 0x00, 0x00, 0x00, 0x00, 0x00, 0x00, 0x00, 0x00, 0x00, 0x00, 0x00, 0x02, 0x02, 0x00, 0x00,
};

static const uint8_t vec_mul_div_32_code[448] = {
    0xFC, 0xBF, 0x00, 0xA0, 0x04, 0x08, 0xB9, 0x00, 0x00, 0x00, 0x00, 0xB8, 0x03, 0x00, 0x00, 0x00,
    0x88, 0x07, 0x04, 0x07, 0x47, 0x41, 0x81, 0xF9, 0x00, 0x01, 0x00, 0x00, 0x72, 0xF2, 0xB8, 0x78,
    0x56, 0x34, 0x12, 0xB9, 0xF0, 0xDE, 0xBC, 0x9A, 0xBA, 0x0F, 0x0F, 0x0F, 0x0F, 0xBB, 0x00, 0xA0,
    0x04, 0x08, 0xBD, 0x80, 0xA0, 0x04, 0x08, 0xBE, 0x00, 0xA0, 0x04, 0x08, 0xBF, 0x40, 0xA0, 0x04,
    0x08, 0xBC, 0x40, 0xB3, 0x04, 0x08, 0x68, 0x02, 0x02, 0x00, 0x00, 0x9D, 0xE9, 0x00, 0x00, 0x00,
    0x00, 0xB8, 0x00, 0x00, 0x01, 0x00, 0xBB, 0x00, 0x00, 0x01, 0x00, 0xF7, 0xE3, 0xA3, 0x00, 0xA0,
    0x04, 0x08, 0x89, 0x15, 0x04, 0xA0, 0x04, 0x08, 0x0F, 0x92, 0x05, 0x08, 0xA0, 0x04, 0x08, 0x0F,
    0x90, 0x05, 0x09, 0xA0, 0x04, 0x08, 0xB8, 0x07, 0x00, 0x00, 0x00, 0xBB, 0x06, 0x00, 0x00, 0x00,
    0xF7, 0xE3, 0xA3, 0x0C, 0xA0, 0x04, 0x08, 0x0F, 0x92, 0x05, 0x10, 0xA0, 0x04, 0x08, 0xB8, 0xFF,
    0xFF, 0xFF, 0xFF, 0xBB, 0x02, 0x00, 0x00, 0x00, 0xF7, 0xEB, 0xA3, 0x14, 0xA0, 0x04, 0x08, 0x89,
    0x15, 0x18, 0xA0, 0x04, 0x08, 0x0F, 0x90, 0x05, 0x1C, 0xA0, 0x04, 0x08, 0xBA, 0x00, 0x00, 0x00,
    0x00, 0xB8, 0x64, 0x00, 0x00, 0x00, 0xBB, 0x07, 0x00, 0x00, 0x00, 0xF7, 0xF3, 0xA3, 0x20, 0xA0,
    0x04, 0x08, 0x89, 0x15, 0x24, 0xA0, 0x04, 0x08, 0xB8, 0xFF, 0xFF, 0xFF, 0xFF, 0x99, 0xBB, 0x02,
    0x00, 0x00, 0x00, 0xF7, 0xFB, 0xA3, 0x28, 0xA0, 0x04, 0x08, 0x89, 0x15, 0x2C, 0xA0, 0x04, 0x08,
    0xB8, 0x00, 0x00, 0x00, 0x80, 0x99, 0xBB, 0x00, 0x01, 0x00, 0x00, 0xF7, 0xFB, 0xA3, 0x30, 0xA0,
    0x04, 0x08, 0x89, 0x15, 0x34, 0xA0, 0x04, 0x08, 0x89, 0x25, 0x10, 0xA1, 0x04, 0x08, 0xBC, 0x40,
    0xA3, 0x04, 0x08, 0x9C, 0x8F, 0x05, 0x20, 0xA1, 0x04, 0x08, 0xA3, 0x00, 0xA1, 0x04, 0x08, 0x89,
    0x0D, 0x04, 0xA1, 0x04, 0x08, 0x89, 0x15, 0x08, 0xA1, 0x04, 0x08, 0x89, 0x1D, 0x0C, 0xA1, 0x04,
    0x08, 0x89, 0x2D, 0x14, 0xA1, 0x04, 0x08, 0x89, 0x35, 0x18, 0xA1, 0x04, 0x08, 0x89, 0x3D, 0x1C,
    0xA1, 0x04, 0x08, 0xC7, 0x05, 0x24, 0xA1, 0x04, 0x08, 0x00, 0x00, 0x00, 0x00, 0xC7, 0x05, 0x28,
    0xA1, 0x04, 0x08, 0x00, 0x00, 0x00, 0x00, 0xC7, 0x05, 0x2C, 0xA1, 0x04, 0x08, 0x00, 0x00, 0x00,
    0x00, 0x8C, 0x05, 0x24, 0xA1, 0x04, 0x08, 0x8C, 0x0D, 0x26, 0xA1, 0x04, 0x08, 0x8C, 0x15, 0x28,
    0xA1, 0x04, 0x08, 0x8C, 0x1D, 0x2A, 0xA1, 0x04, 0x08, 0x8C, 0x25, 0x2C, 0xA1, 0x04, 0x08, 0x8C,
    0x2D, 0x2E, 0xA1, 0x04, 0x08, 0xB8, 0x04, 0x00, 0x00, 0x00, 0xBB, 0x01, 0x00, 0x00, 0x00, 0xB9,
    0x00, 0xA1, 0x04, 0x08, 0xBA, 0x30, 0x00, 0x00, 0x00, 0xCD, 0x80, 0xB8, 0x04, 0x00, 0x00, 0x00,
    0xBB, 0x01, 0x00, 0x00, 0x00, 0xB9, 0x00, 0xA0, 0x04, 0x08, 0xBA, 0x00, 0x01, 0x00, 0x00, 0xCD,
    0x80, 0xB8, 0x04, 0x00, 0x00, 0x00, 0xBB, 0x01, 0x00, 0x00, 0x00, 0xB9, 0x40, 0xB2, 0x04, 0x08,
    0xBA, 0x00, 0x01, 0x00, 0x00, 0xCD, 0x80, 0xB8, 0x01, 0x00, 0x00, 0x00, 0x31, 0xDB, 0xCD, 0x80,
};
static const uint8_t vec_mul_div_32_scratch[256] = {
    0x00, 0x00, 0x00, 0x00, 0x01, 0x00, 0x00, 0x00, 0x01, 0x01, 0x49, 0x50, 0x2A, 0x00, 0x00, 0x00,
    0x00, 0x7A, 0x81, 0x88, 0xFE, 0xFF, 0xFF, 0xFF, 0xFF, 0xFF, 0xFF, 0xFF, 0x00, 0xCE, 0xD5, 0xDC,
    0x0E, 0x00, 0x00, 0x00, 0x02, 0x00, 0x00, 0x00, 0x00, 0x00, 0x00, 0x00, 0xFF, 0xFF, 0xFF, 0xFF,
    0x00, 0x00, 0x80, 0xFF, 0x00, 0x00, 0x00, 0x00, 0x8B, 0x92, 0x99, 0xA0, 0xA7, 0xAE, 0xB5, 0xBC,
    0xC3, 0xCA, 0xD1, 0xD8, 0xDF, 0xE6, 0xED, 0xF4, 0xFB, 0x02, 0x09, 0x10, 0x17, 0x1E, 0x25, 0x2C,
    0x33, 0x3A, 0x41, 0x48, 0x4F, 0x56, 0x5D, 0x64, 0x6B, 0x72, 0x79, 0x80, 0x87, 0x8E, 0x95, 0x9C,
    0xA3, 0xAA, 0xB1, 0xB8, 0xBF, 0xC6, 0xCD, 0xD4, 0xDB, 0xE2, 0xE9, 0xF0, 0xF7, 0xFE, 0x05, 0x0C,
    0x13, 0x1A, 0x21, 0x28, 0x2F, 0x36, 0x3D, 0x44, 0x4B, 0x52, 0x59, 0x60, 0x67, 0x6E, 0x75, 0x7C,
    0x83, 0x8A, 0x91, 0x98, 0x9F, 0xA6, 0xAD, 0xB4, 0xBB, 0xC2, 0xC9, 0xD0, 0xD7, 0xDE, 0xE5, 0xEC,
    0xF3, 0xFA, 0x01, 0x08, 0x0F, 0x16, 0x1D, 0x24, 0x2B, 0x32, 0x39, 0x40, 0x47, 0x4E, 0x55, 0x5C,
    0x63, 0x6A, 0x71, 0x78, 0x7F, 0x86, 0x8D, 0x94, 0x9B, 0xA2, 0xA9, 0xB0, 0xB7, 0xBE, 0xC5, 0xCC,
    0xD3, 0xDA, 0xE1, 0xE8, 0xEF, 0xF6, 0xFD, 0x04, 0x0B, 0x12, 0x19, 0x20, 0x27, 0x2E, 0x35, 0x3C,
    0x43, 0x4A, 0x51, 0x58, 0x5F, 0x66, 0x6D, 0x74, 0x7B, 0x82, 0x89, 0x90, 0x97, 0x9E, 0xA5, 0xAC,
    0xB3, 0xBA, 0xC1, 0xC8, 0xCF, 0xD6, 0xDD, 0xE4, 0xEB, 0xF2, 0xF9, 0x00, 0x07, 0x0E, 0x15, 0x1C,
    0x23, 0x2A, 0x31, 0x38, 0x3F, 0x46, 0x4D, 0x54, 0x5B, 0x62, 0x69, 0x70, 0x77, 0x7E, 0x85, 0x8C,
    0x93, 0x9A, 0xA1, 0xA8, 0xAF, 0xB6, 0xBD, 0xC4, 0xCB, 0xD2, 0xD9, 0xE0, 0xE7, 0xEE, 0xF5, 0xFC,
};
static const uint8_t vec_mul_div_32_stack[256] = {
    0x00, 0x00, 0x00, 0x00, 0x00, 0x00, 0x00, 0x00, 0x00, 0x00, 0x00, 0x00, 0x00, 0x00, 0x00, 0x00,
    0x00, 0x00, 0x00, 0x00, 0x00, 0x00, 0x00, 0x00, 0x00, 0x00, 0x00, 0x00, 0x00, 0x00, 0x00, 0x00,
    0x00, 0x00, 0x00, 0x00, 0x00, 0x00, 0x00, 0x00, 0x00, 0x00, 0x00, 0x00, 0x00, 0x00, 0x00, 0x00,
    0x00, 0x00, 0x00, 0x00, 0x00, 0x00, 0x00, 0x00, 0x00, 0x00, 0x00, 0x00, 0x00, 0x00, 0x00, 0x00,
    0x00, 0x00, 0x00, 0x00, 0x00, 0x00, 0x00, 0x00, 0x00, 0x00, 0x00, 0x00, 0x00, 0x00, 0x00, 0x00,
    0x00, 0x00, 0x00, 0x00, 0x00, 0x00, 0x00, 0x00, 0x00, 0x00, 0x00, 0x00, 0x00, 0x00, 0x00, 0x00,
    0x00, 0x00, 0x00, 0x00, 0x00, 0x00, 0x00, 0x00, 0x00, 0x00, 0x00, 0x00, 0x00, 0x00, 0x00, 0x00,
    0x00, 0x00, 0x00, 0x00, 0x00, 0x00, 0x00, 0x00, 0x00, 0x00, 0x00, 0x00, 0x00, 0x00, 0x00, 0x00,
    0x00, 0x00, 0x00, 0x00, 0x00, 0x00, 0x00, 0x00, 0x00, 0x00, 0x00, 0x00, 0x00, 0x00, 0x00, 0x00,
    0x00, 0x00, 0x00, 0x00, 0x00, 0x00, 0x00, 0x00, 0x00, 0x00, 0x00, 0x00, 0x00, 0x00, 0x00, 0x00,
    0x00, 0x00, 0x00, 0x00, 0x00, 0x00, 0x00, 0x00, 0x00, 0x00, 0x00, 0x00, 0x00, 0x00, 0x00, 0x00,
    0x00, 0x00, 0x00, 0x00, 0x00, 0x00, 0x00, 0x00, 0x00, 0x00, 0x00, 0x00, 0x00, 0x00, 0x00, 0x00,
    0x00, 0x00, 0x00, 0x00, 0x00, 0x00, 0x00, 0x00, 0x00, 0x00, 0x00, 0x00, 0x00, 0x00, 0x00, 0x00,
    0x00, 0x00, 0x00, 0x00, 0x00, 0x00, 0x00, 0x00, 0x00, 0x00, 0x00, 0x00, 0x00, 0x00, 0x00, 0x00,
    0x00, 0x00, 0x00, 0x00, 0x00, 0x00, 0x00, 0x00, 0x00, 0x00, 0x00, 0x00, 0x00, 0x00, 0x00, 0x00,
    0x00, 0x00, 0x00, 0x00, 0x00, 0x00, 0x00, 0x00, 0x00, 0x00, 0x00, 0x00, 0x02, 0x02, 0x00, 0x00,
};

static const uint8_t vec_mul_div_8_16_code[418] = {
    0xFC, 0xBF, 0x00, 0xA0, 0x04, 0x08, 0xB9, 0x00, 0x00, 0x00, 0x00, 0xB8, 0x03, 0x00, 0x00, 0x00,
    0x88, 0x07, 0x04, 0x07, 0x47, 0x41, 0x81, 0xF9, 0x00, 0x01, 0x00, 0x00, 0x72, 0xF2, 0xB8, 0x78,
    0x56, 0x34, 0x12, 0xB9, 0xF0, 0xDE, 0xBC, 0x9A, 0xBA, 0x0F, 0x0F, 0x0F, 0x0F, 0xBB, 0x00, 0xA0,
    0x04, 0x08, 0xBD, 0x80, 0xA0, 0x04, 0x08, 0xBE, 0x00, 0xA0, 0x04, 0x08, 0xBF, 0x40, 0xA0, 0x04,
    0x08, 0xBC, 0x40, 0xB3, 0x04, 0x08, 0x68, 0x02, 0x02, 0x00, 0x00, 0x9D, 0xE9, 0x00, 0x00, 0x00,
    0x00, 0xB0, 0xC8, 0xB3, 0x03, 0xF6, 0xE3, 0x66, 0xA3, 0x00, 0xA0, 0x04, 0x08, 0x0F, 0x92, 0x05,
    0x02, 0xA0, 0x04, 0x08, 0xB0, 0xFB, 0xB3, 0x07, 0xF6, 0xEB, 0x66, 0xA3, 0x04, 0xA0, 0x04, 0x08,
    0x0F, 0x90, 0x05, 0x06, 0xA0, 0x04, 0x08, 0x66, 0xB8, 0x34, 0x12, 0x66, 0xBB, 0x10, 0x00, 0x66,
    0xF7, 0xE3, 0x66, 0xA3, 0x08, 0xA0, 0x04, 0x08, 0x66, 0x89, 0x15, 0x0A, 0xA0, 0x04, 0x08, 0x0F,
    0x92, 0x05, 0x0C, 0xA0, 0x04, 0x08, 0x66, 0xB8, 0xE8, 0x03, 0xB3, 0x07, 0xF6, 0xF3, 0x66, 0xA3,
    0x0E, 0xA0, 0x04, 0x08, 0x66, 0xBA, 0x00, 0x00, 0x66, 0xB8, 0xE8, 0x03, 0x66, 0xBB, 0x03, 0x00,
    0x66, 0xF7, 0xF3, 0x66, 0xA3, 0x10, 0xA0, 0x04, 0x08, 0x66, 0x89, 0x15, 0x12, 0xA0, 0x04, 0x08,
    0x66, 0xB8, 0x18, 0xFC, 0x66, 0x99, 0x66, 0xBB, 0x03, 0x00, 0x66, 0xF7, 0xFB, 0x66, 0xA3, 0x14,
    0xA0, 0x04, 0x08, 0x66, 0x89, 0x15, 0x16, 0xA0, 0x04, 0x08, 0x89, 0x25, 0x10, 0xA1, 0x04, 0x08,
    0xBC, 0x40, 0xA3, 0x04, 0x08, 0x9C, 0x8F, 0x05, 0x20, 0xA1, 0x04, 0x08, 0xA3, 0x00, 0xA1, 0x04,
    0x08, 0x89, 0x0D, 0x04, 0xA1, 0x04, 0x08, 0x89, 0x15, 0x08, 0xA1, 0x04, 0x08, 0x89, 0x1D, 0x0C,
    0xA1, 0x04, 0x08, 0x89, 0x2D, 0x14, 0xA1, 0x04, 0x08, 0x89, 0x35, 0x18, 0xA1, 0x04, 0x08, 0x89,
    0x3D, 0x1C, 0xA1, 0x04, 0x08, 0xC7, 0x05, 0x24, 0xA1, 0x04, 0x08, 0x00, 0x00, 0x00, 0x00, 0xC7,
    0x05, 0x28, 0xA1, 0x04, 0x08, 0x00, 0x00, 0x00, 0x00, 0xC7, 0x05, 0x2C, 0xA1, 0x04, 0x08, 0x00,
    0x00, 0x00, 0x00, 0x8C, 0x05, 0x24, 0xA1, 0x04, 0x08, 0x8C, 0x0D, 0x26, 0xA1, 0x04, 0x08, 0x8C,
    0x15, 0x28, 0xA1, 0x04, 0x08, 0x8C, 0x1D, 0x2A, 0xA1, 0x04, 0x08, 0x8C, 0x25, 0x2C, 0xA1, 0x04,
    0x08, 0x8C, 0x2D, 0x2E, 0xA1, 0x04, 0x08, 0xB8, 0x04, 0x00, 0x00, 0x00, 0xBB, 0x01, 0x00, 0x00,
    0x00, 0xB9, 0x00, 0xA1, 0x04, 0x08, 0xBA, 0x30, 0x00, 0x00, 0x00, 0xCD, 0x80, 0xB8, 0x04, 0x00,
    0x00, 0x00, 0xBB, 0x01, 0x00, 0x00, 0x00, 0xB9, 0x00, 0xA0, 0x04, 0x08, 0xBA, 0x00, 0x01, 0x00,
    0x00, 0xCD, 0x80, 0xB8, 0x04, 0x00, 0x00, 0x00, 0xBB, 0x01, 0x00, 0x00, 0x00, 0xB9, 0x40, 0xB2,
    0x04, 0x08, 0xBA, 0x00, 0x01, 0x00, 0x00, 0xCD, 0x80, 0xB8, 0x01, 0x00, 0x00, 0x00, 0x31, 0xDB,
    0xCD, 0x80,
};
static const uint8_t vec_mul_div_8_16_scratch[256] = {
    0x58, 0x02, 0x01, 0x18, 0xDD, 0xFF, 0x00, 0x34, 0x40, 0x23, 0x01, 0x00, 0x01, 0x5E, 0x8E, 0x06,
    0x4D, 0x01, 0x01, 0x00, 0xB3, 0xFE, 0xFF, 0xFF, 0xAB, 0xB2, 0xB9, 0xC0, 0xC7, 0xCE, 0xD5, 0xDC,
    0xE3, 0xEA, 0xF1, 0xF8, 0xFF, 0x06, 0x0D, 0x14, 0x1B, 0x22, 0x29, 0x30, 0x37, 0x3E, 0x45, 0x4C,
    0x53, 0x5A, 0x61, 0x68, 0x6F, 0x76, 0x7D, 0x84, 0x8B, 0x92, 0x99, 0xA0, 0xA7, 0xAE, 0xB5, 0xBC,
    0xC3, 0xCA, 0xD1, 0xD8, 0xDF, 0xE6, 0xED, 0xF4, 0xFB, 0x02, 0x09, 0x10, 0x17, 0x1E, 0x25, 0x2C,
    0x33, 0x3A, 0x41, 0x48, 0x4F, 0x56, 0x5D, 0x64, 0x6B, 0x72, 0x79, 0x80, 0x87, 0x8E, 0x95, 0x9C,
    0xA3, 0xAA, 0xB1, 0xB8, 0xBF, 0xC6, 0xCD, 0xD4, 0xDB, 0xE2, 0xE9, 0xF0, 0xF7, 0xFE, 0x05, 0x0C,
    0x13, 0x1A, 0x21, 0x28, 0x2F, 0x36, 0x3D, 0x44, 0x4B, 0x52, 0x59, 0x60, 0x67, 0x6E, 0x75, 0x7C,
    0x83, 0x8A, 0x91, 0x98, 0x9F, 0xA6, 0xAD, 0xB4, 0xBB, 0xC2, 0xC9, 0xD0, 0xD7, 0xDE, 0xE5, 0xEC,
    0xF3, 0xFA, 0x01, 0x08, 0x0F, 0x16, 0x1D, 0x24, 0x2B, 0x32, 0x39, 0x40, 0x47, 0x4E, 0x55, 0x5C,
    0x63, 0x6A, 0x71, 0x78, 0x7F, 0x86, 0x8D, 0x94, 0x9B, 0xA2, 0xA9, 0xB0, 0xB7, 0xBE, 0xC5, 0xCC,
    0xD3, 0xDA, 0xE1, 0xE8, 0xEF, 0xF6, 0xFD, 0x04, 0x0B, 0x12, 0x19, 0x20, 0x27, 0x2E, 0x35, 0x3C,
    0x43, 0x4A, 0x51, 0x58, 0x5F, 0x66, 0x6D, 0x74, 0x7B, 0x82, 0x89, 0x90, 0x97, 0x9E, 0xA5, 0xAC,
    0xB3, 0xBA, 0xC1, 0xC8, 0xCF, 0xD6, 0xDD, 0xE4, 0xEB, 0xF2, 0xF9, 0x00, 0x07, 0x0E, 0x15, 0x1C,
    0x23, 0x2A, 0x31, 0x38, 0x3F, 0x46, 0x4D, 0x54, 0x5B, 0x62, 0x69, 0x70, 0x77, 0x7E, 0x85, 0x8C,
    0x93, 0x9A, 0xA1, 0xA8, 0xAF, 0xB6, 0xBD, 0xC4, 0xCB, 0xD2, 0xD9, 0xE0, 0xE7, 0xEE, 0xF5, 0xFC,
};
static const uint8_t vec_mul_div_8_16_stack[256] = {
    0x00, 0x00, 0x00, 0x00, 0x00, 0x00, 0x00, 0x00, 0x00, 0x00, 0x00, 0x00, 0x00, 0x00, 0x00, 0x00,
    0x00, 0x00, 0x00, 0x00, 0x00, 0x00, 0x00, 0x00, 0x00, 0x00, 0x00, 0x00, 0x00, 0x00, 0x00, 0x00,
    0x00, 0x00, 0x00, 0x00, 0x00, 0x00, 0x00, 0x00, 0x00, 0x00, 0x00, 0x00, 0x00, 0x00, 0x00, 0x00,
    0x00, 0x00, 0x00, 0x00, 0x00, 0x00, 0x00, 0x00, 0x00, 0x00, 0x00, 0x00, 0x00, 0x00, 0x00, 0x00,
    0x00, 0x00, 0x00, 0x00, 0x00, 0x00, 0x00, 0x00, 0x00, 0x00, 0x00, 0x00, 0x00, 0x00, 0x00, 0x00,
    0x00, 0x00, 0x00, 0x00, 0x00, 0x00, 0x00, 0x00, 0x00, 0x00, 0x00, 0x00, 0x00, 0x00, 0x00, 0x00,
    0x00, 0x00, 0x00, 0x00, 0x00, 0x00, 0x00, 0x00, 0x00, 0x00, 0x00, 0x00, 0x00, 0x00, 0x00, 0x00,
    0x00, 0x00, 0x00, 0x00, 0x00, 0x00, 0x00, 0x00, 0x00, 0x00, 0x00, 0x00, 0x00, 0x00, 0x00, 0x00,
    0x00, 0x00, 0x00, 0x00, 0x00, 0x00, 0x00, 0x00, 0x00, 0x00, 0x00, 0x00, 0x00, 0x00, 0x00, 0x00,
    0x00, 0x00, 0x00, 0x00, 0x00, 0x00, 0x00, 0x00, 0x00, 0x00, 0x00, 0x00, 0x00, 0x00, 0x00, 0x00,
    0x00, 0x00, 0x00, 0x00, 0x00, 0x00, 0x00, 0x00, 0x00, 0x00, 0x00, 0x00, 0x00, 0x00, 0x00, 0x00,
    0x00, 0x00, 0x00, 0x00, 0x00, 0x00, 0x00, 0x00, 0x00, 0x00, 0x00, 0x00, 0x00, 0x00, 0x00, 0x00,
    0x00, 0x00, 0x00, 0x00, 0x00, 0x00, 0x00, 0x00, 0x00, 0x00, 0x00, 0x00, 0x00, 0x00, 0x00, 0x00,
    0x00, 0x00, 0x00, 0x00, 0x00, 0x00, 0x00, 0x00, 0x00, 0x00, 0x00, 0x00, 0x00, 0x00, 0x00, 0x00,
    0x00, 0x00, 0x00, 0x00, 0x00, 0x00, 0x00, 0x00, 0x00, 0x00, 0x00, 0x00, 0x00, 0x00, 0x00, 0x00,
    0x00, 0x00, 0x00, 0x00, 0x00, 0x00, 0x00, 0x00, 0x00, 0x00, 0x00, 0x00, 0x02, 0x02, 0x00, 0x00,
};

static const uint8_t vec_opsize16_code[416] = {
    0xFC, 0xBF, 0x00, 0xA0, 0x04, 0x08, 0xB9, 0x00, 0x00, 0x00, 0x00, 0xB8, 0x03, 0x00, 0x00, 0x00,
    0x88, 0x07, 0x04, 0x07, 0x47, 0x41, 0x81, 0xF9, 0x00, 0x01, 0x00, 0x00, 0x72, 0xF2, 0xB8, 0x78,
    0x56, 0x34, 0x12, 0xB9, 0xF0, 0xDE, 0xBC, 0x9A, 0xBA, 0x0F, 0x0F, 0x0F, 0x0F, 0xBB, 0x00, 0xA0,
    0x04, 0x08, 0xBD, 0x80, 0xA0, 0x04, 0x08, 0xBE, 0x00, 0xA0, 0x04, 0x08, 0xBF, 0x40, 0xA0, 0x04,
    0x08, 0xBC, 0x40, 0xB3, 0x04, 0x08, 0x68, 0x02, 0x02, 0x00, 0x00, 0x9D, 0xE9, 0x00, 0x00, 0x00,
    0x00, 0xB8, 0x22, 0x22, 0x11, 0x11, 0x66, 0xB8, 0x33, 0x33, 0xA3, 0x00, 0xA0, 0x04, 0x08, 0x66,
    0xBB, 0xFF, 0xFF, 0x66, 0xB9, 0x01, 0x00, 0x66, 0x01, 0xCB, 0x0F, 0x92, 0x05, 0x04, 0xA0, 0x04,
    0x08, 0x0F, 0x94, 0x05, 0x05, 0xA0, 0x04, 0x08, 0x66, 0x89, 0x1D, 0x06, 0xA0, 0x04, 0x08, 0x66,
    0xBA, 0x00, 0x80, 0x66, 0xD1, 0xE2, 0x0F, 0x92, 0x05, 0x08, 0xA0, 0x04, 0x08, 0x66, 0x89, 0x15,
    0x0A, 0xA0, 0x04, 0x08, 0x66, 0xBE, 0x34, 0x12, 0x66, 0xC1, 0xC6, 0x08, 0x66, 0x89, 0x35, 0x0C,
    0xA0, 0x04, 0x08, 0x66, 0xBF, 0xFF, 0x7F, 0x66, 0x47, 0x0F, 0x90, 0x05, 0x0E, 0xA0, 0x04, 0x08,
    0x66, 0x89, 0x3D, 0x10, 0xA0, 0x04, 0x08, 0x66, 0x68, 0x21, 0x43, 0x66, 0x5D, 0x66, 0x89, 0x2D,
    0x12, 0xA0, 0x04, 0x08, 0x0F, 0xB7, 0xC5, 0x66, 0x8B, 0x0D, 0x00, 0xA0, 0x04, 0x08, 0x66, 0xF7,
    0xD9, 0x66, 0x89, 0x0D, 0x14, 0xA0, 0x04, 0x08, 0x89, 0x25, 0x10, 0xA1, 0x04, 0x08, 0xBC, 0x40,
    0xA3, 0x04, 0x08, 0x9C, 0x8F, 0x05, 0x20, 0xA1, 0x04, 0x08, 0xA3, 0x00, 0xA1, 0x04, 0x08, 0x89,
    0x0D, 0x04, 0xA1, 0x04, 0x08, 0x89, 0x15, 0x08, 0xA1, 0x04, 0x08, 0x89, 0x1D, 0x0C, 0xA1, 0x04,
    0x08, 0x89, 0x2D, 0x14, 0xA1, 0x04, 0x08, 0x89, 0x35, 0x18, 0xA1, 0x04, 0x08, 0x89, 0x3D, 0x1C,
    0xA1, 0x04, 0x08, 0xC7, 0x05, 0x24, 0xA1, 0x04, 0x08, 0x00, 0x00, 0x00, 0x00, 0xC7, 0x05, 0x28,
    0xA1, 0x04, 0x08, 0x00, 0x00, 0x00, 0x00, 0xC7, 0x05, 0x2C, 0xA1, 0x04, 0x08, 0x00, 0x00, 0x00,
    0x00, 0x8C, 0x05, 0x24, 0xA1, 0x04, 0x08, 0x8C, 0x0D, 0x26, 0xA1, 0x04, 0x08, 0x8C, 0x15, 0x28,
    0xA1, 0x04, 0x08, 0x8C, 0x1D, 0x2A, 0xA1, 0x04, 0x08, 0x8C, 0x25, 0x2C, 0xA1, 0x04, 0x08, 0x8C,
    0x2D, 0x2E, 0xA1, 0x04, 0x08, 0xB8, 0x04, 0x00, 0x00, 0x00, 0xBB, 0x01, 0x00, 0x00, 0x00, 0xB9,
    0x00, 0xA1, 0x04, 0x08, 0xBA, 0x30, 0x00, 0x00, 0x00, 0xCD, 0x80, 0xB8, 0x04, 0x00, 0x00, 0x00,
    0xBB, 0x01, 0x00, 0x00, 0x00, 0xB9, 0x00, 0xA0, 0x04, 0x08, 0xBA, 0x00, 0x01, 0x00, 0x00, 0xCD,
    0x80, 0xB8, 0x04, 0x00, 0x00, 0x00, 0xBB, 0x01, 0x00, 0x00, 0x00, 0xB9, 0x40, 0xB2, 0x04, 0x08,
    0xBA, 0x00, 0x01, 0x00, 0x00, 0xCD, 0x80, 0xB8, 0x01, 0x00, 0x00, 0x00, 0x31, 0xDB, 0xCD, 0x80,
};
static const uint8_t vec_opsize16_scratch[256] = {
    0x33, 0x33, 0x11, 0x11, 0x01, 0x01, 0x00, 0x00, 0x01, 0x42, 0x00, 0x00, 0x12, 0x34, 0x01, 0x6C,
    0x00, 0x80, 0x21, 0x43, 0xCD, 0xCC, 0x9D, 0xA4, 0xAB, 0xB2, 0xB9, 0xC0, 0xC7, 0xCE, 0xD5, 0xDC,
    0xE3, 0xEA, 0xF1, 0xF8, 0xFF, 0x06, 0x0D, 0x14, 0x1B, 0x22, 0x29, 0x30, 0x37, 0x3E, 0x45, 0x4C,
    0x53, 0x5A, 0x61, 0x68, 0x6F, 0x76, 0x7D, 0x84, 0x8B, 0x92, 0x99, 0xA0, 0xA7, 0xAE, 0xB5, 0xBC,
    0xC3, 0xCA, 0xD1, 0xD8, 0xDF, 0xE6, 0xED, 0xF4, 0xFB, 0x02, 0x09, 0x10, 0x17, 0x1E, 0x25, 0x2C,
    0x33, 0x3A, 0x41, 0x48, 0x4F, 0x56, 0x5D, 0x64, 0x6B, 0x72, 0x79, 0x80, 0x87, 0x8E, 0x95, 0x9C,
    0xA3, 0xAA, 0xB1, 0xB8, 0xBF, 0xC6, 0xCD, 0xD4, 0xDB, 0xE2, 0xE9, 0xF0, 0xF7, 0xFE, 0x05, 0x0C,
    0x13, 0x1A, 0x21, 0x28, 0x2F, 0x36, 0x3D, 0x44, 0x4B, 0x52, 0x59, 0x60, 0x67, 0x6E, 0x75, 0x7C,
    0x83, 0x8A, 0x91, 0x98, 0x9F, 0xA6, 0xAD, 0xB4, 0xBB, 0xC2, 0xC9, 0xD0, 0xD7, 0xDE, 0xE5, 0xEC,
    0xF3, 0xFA, 0x01, 0x08, 0x0F, 0x16, 0x1D, 0x24, 0x2B, 0x32, 0x39, 0x40, 0x47, 0x4E, 0x55, 0x5C,
    0x63, 0x6A, 0x71, 0x78, 0x7F, 0x86, 0x8D, 0x94, 0x9B, 0xA2, 0xA9, 0xB0, 0xB7, 0xBE, 0xC5, 0xCC,
    0xD3, 0xDA, 0xE1, 0xE8, 0xEF, 0xF6, 0xFD, 0x04, 0x0B, 0x12, 0x19, 0x20, 0x27, 0x2E, 0x35, 0x3C,
    0x43, 0x4A, 0x51, 0x58, 0x5F, 0x66, 0x6D, 0x74, 0x7B, 0x82, 0x89, 0x90, 0x97, 0x9E, 0xA5, 0xAC,
    0xB3, 0xBA, 0xC1, 0xC8, 0xCF, 0xD6, 0xDD, 0xE4, 0xEB, 0xF2, 0xF9, 0x00, 0x07, 0x0E, 0x15, 0x1C,
    0x23, 0x2A, 0x31, 0x38, 0x3F, 0x46, 0x4D, 0x54, 0x5B, 0x62, 0x69, 0x70, 0x77, 0x7E, 0x85, 0x8C,
    0x93, 0x9A, 0xA1, 0xA8, 0xAF, 0xB6, 0xBD, 0xC4, 0xCB, 0xD2, 0xD9, 0xE0, 0xE7, 0xEE, 0xF5, 0xFC,
};
static const uint8_t vec_opsize16_stack[256] = {
    0x00, 0x00, 0x00, 0x00, 0x00, 0x00, 0x00, 0x00, 0x00, 0x00, 0x00, 0x00, 0x00, 0x00, 0x00, 0x00,
    0x00, 0x00, 0x00, 0x00, 0x00, 0x00, 0x00, 0x00, 0x00, 0x00, 0x00, 0x00, 0x00, 0x00, 0x00, 0x00,
    0x00, 0x00, 0x00, 0x00, 0x00, 0x00, 0x00, 0x00, 0x00, 0x00, 0x00, 0x00, 0x00, 0x00, 0x00, 0x00,
    0x00, 0x00, 0x00, 0x00, 0x00, 0x00, 0x00, 0x00, 0x00, 0x00, 0x00, 0x00, 0x00, 0x00, 0x00, 0x00,
    0x00, 0x00, 0x00, 0x00, 0x00, 0x00, 0x00, 0x00, 0x00, 0x00, 0x00, 0x00, 0x00, 0x00, 0x00, 0x00,
    0x00, 0x00, 0x00, 0x00, 0x00, 0x00, 0x00, 0x00, 0x00, 0x00, 0x00, 0x00, 0x00, 0x00, 0x00, 0x00,
    0x00, 0x00, 0x00, 0x00, 0x00, 0x00, 0x00, 0x00, 0x00, 0x00, 0x00, 0x00, 0x00, 0x00, 0x00, 0x00,
    0x00, 0x00, 0x00, 0x00, 0x00, 0x00, 0x00, 0x00, 0x00, 0x00, 0x00, 0x00, 0x00, 0x00, 0x00, 0x00,
    0x00, 0x00, 0x00, 0x00, 0x00, 0x00, 0x00, 0x00, 0x00, 0x00, 0x00, 0x00, 0x00, 0x00, 0x00, 0x00,
    0x00, 0x00, 0x00, 0x00, 0x00, 0x00, 0x00, 0x00, 0x00, 0x00, 0x00, 0x00, 0x00, 0x00, 0x00, 0x00,
    0x00, 0x00, 0x00, 0x00, 0x00, 0x00, 0x00, 0x00, 0x00, 0x00, 0x00, 0x00, 0x00, 0x00, 0x00, 0x00,
    0x00, 0x00, 0x00, 0x00, 0x00, 0x00, 0x00, 0x00, 0x00, 0x00, 0x00, 0x00, 0x00, 0x00, 0x00, 0x00,
    0x00, 0x00, 0x00, 0x00, 0x00, 0x00, 0x00, 0x00, 0x00, 0x00, 0x00, 0x00, 0x00, 0x00, 0x00, 0x00,
    0x00, 0x00, 0x00, 0x00, 0x00, 0x00, 0x00, 0x00, 0x00, 0x00, 0x00, 0x00, 0x00, 0x00, 0x00, 0x00,
    0x00, 0x00, 0x00, 0x00, 0x00, 0x00, 0x00, 0x00, 0x00, 0x00, 0x00, 0x00, 0x00, 0x00, 0x00, 0x00,
    0x00, 0x00, 0x00, 0x00, 0x00, 0x00, 0x00, 0x00, 0x00, 0x00, 0x00, 0x00, 0x02, 0x02, 0x21, 0x43,
};

static const uint8_t vec_prefix_mix_code[336] = {
    0xFC, 0xBF, 0x00, 0xA0, 0x04, 0x08, 0xB9, 0x00, 0x00, 0x00, 0x00, 0xB8, 0x03, 0x00, 0x00, 0x00,
    0x88, 0x07, 0x04, 0x07, 0x47, 0x41, 0x81, 0xF9, 0x00, 0x01, 0x00, 0x00, 0x72, 0xF2, 0xB8, 0x78,
    0x56, 0x34, 0x12, 0xB9, 0xF0, 0xDE, 0xBC, 0x9A, 0xBA, 0x0F, 0x0F, 0x0F, 0x0F, 0xBB, 0x00, 0xA0,
    0x04, 0x08, 0xBD, 0x80, 0xA0, 0x04, 0x08, 0xBE, 0x00, 0xA0, 0x04, 0x08, 0xBF, 0x40, 0xA0, 0x04,
    0x08, 0xBC, 0x40, 0xB3, 0x04, 0x08, 0x68, 0x02, 0x02, 0x00, 0x00, 0x9D, 0xE9, 0x00, 0x00, 0x00,
    0x00, 0xBB, 0x00, 0xA0, 0x04, 0x08, 0xB8, 0x0D, 0xF0, 0xAD, 0x0B, 0x36, 0x89, 0x03, 0x3E, 0x8B,
    0x0B, 0x26, 0x89, 0x43, 0x04, 0xBA, 0x44, 0x33, 0x22, 0x11, 0xF0, 0x87, 0x53, 0x08, 0xF0, 0x83,
    0x43, 0x08, 0x01, 0x8B, 0x73, 0x08, 0x90, 0x90, 0x90, 0xBF, 0x99, 0x00, 0x00, 0x00, 0x0F, 0x1F,
    0x40, 0x00, 0x89, 0x3D, 0x10, 0xA0, 0x04, 0x08, 0x89, 0x25, 0x10, 0xA1, 0x04, 0x08, 0xBC, 0x40,
    0xA3, 0x04, 0x08, 0x9C, 0x8F, 0x05, 0x20, 0xA1, 0x04, 0x08, 0xA3, 0x00, 0xA1, 0x04, 0x08, 0x89,
    0x0D, 0x04, 0xA1, 0x04, 0x08, 0x89, 0x15, 0x08, 0xA1, 0x04, 0x08, 0x89, 0x1D, 0x0C, 0xA1, 0x04,
    0x08, 0x89, 0x2D, 0x14, 0xA1, 0x04, 0x08, 0x89, 0x35, 0x18, 0xA1, 0x04, 0x08, 0x89, 0x3D, 0x1C,
    0xA1, 0x04, 0x08, 0xC7, 0x05, 0x24, 0xA1, 0x04, 0x08, 0x00, 0x00, 0x00, 0x00, 0xC7, 0x05, 0x28,
    0xA1, 0x04, 0x08, 0x00, 0x00, 0x00, 0x00, 0xC7, 0x05, 0x2C, 0xA1, 0x04, 0x08, 0x00, 0x00, 0x00,
    0x00, 0x8C, 0x05, 0x24, 0xA1, 0x04, 0x08, 0x8C, 0x0D, 0x26, 0xA1, 0x04, 0x08, 0x8C, 0x15, 0x28,
    0xA1, 0x04, 0x08, 0x8C, 0x1D, 0x2A, 0xA1, 0x04, 0x08, 0x8C, 0x25, 0x2C, 0xA1, 0x04, 0x08, 0x8C,
    0x2D, 0x2E, 0xA1, 0x04, 0x08, 0xB8, 0x04, 0x00, 0x00, 0x00, 0xBB, 0x01, 0x00, 0x00, 0x00, 0xB9,
    0x00, 0xA1, 0x04, 0x08, 0xBA, 0x30, 0x00, 0x00, 0x00, 0xCD, 0x80, 0xB8, 0x04, 0x00, 0x00, 0x00,
    0xBB, 0x01, 0x00, 0x00, 0x00, 0xB9, 0x00, 0xA0, 0x04, 0x08, 0xBA, 0x00, 0x01, 0x00, 0x00, 0xCD,
    0x80, 0xB8, 0x04, 0x00, 0x00, 0x00, 0xBB, 0x01, 0x00, 0x00, 0x00, 0xB9, 0x40, 0xB2, 0x04, 0x08,
    0xBA, 0x00, 0x01, 0x00, 0x00, 0xCD, 0x80, 0xB8, 0x01, 0x00, 0x00, 0x00, 0x31, 0xDB, 0xCD, 0x80,
};
static const uint8_t vec_prefix_mix_scratch[256] = {
    0x0D, 0xF0, 0xAD, 0x0B, 0x0D, 0xF0, 0xAD, 0x0B, 0x45, 0x33, 0x22, 0x11, 0x57, 0x5E, 0x65, 0x6C,
    0x99, 0x00, 0x00, 0x00, 0x8F, 0x96, 0x9D, 0xA4, 0xAB, 0xB2, 0xB9, 0xC0, 0xC7, 0xCE, 0xD5, 0xDC,
    0xE3, 0xEA, 0xF1, 0xF8, 0xFF, 0x06, 0x0D, 0x14, 0x1B, 0x22, 0x29, 0x30, 0x37, 0x3E, 0x45, 0x4C,
    0x53, 0x5A, 0x61, 0x68, 0x6F, 0x76, 0x7D, 0x84, 0x8B, 0x92, 0x99, 0xA0, 0xA7, 0xAE, 0xB5, 0xBC,
    0xC3, 0xCA, 0xD1, 0xD8, 0xDF, 0xE6, 0xED, 0xF4, 0xFB, 0x02, 0x09, 0x10, 0x17, 0x1E, 0x25, 0x2C,
    0x33, 0x3A, 0x41, 0x48, 0x4F, 0x56, 0x5D, 0x64, 0x6B, 0x72, 0x79, 0x80, 0x87, 0x8E, 0x95, 0x9C,
    0xA3, 0xAA, 0xB1, 0xB8, 0xBF, 0xC6, 0xCD, 0xD4, 0xDB, 0xE2, 0xE9, 0xF0, 0xF7, 0xFE, 0x05, 0x0C,
    0x13, 0x1A, 0x21, 0x28, 0x2F, 0x36, 0x3D, 0x44, 0x4B, 0x52, 0x59, 0x60, 0x67, 0x6E, 0x75, 0x7C,
    0x83, 0x8A, 0x91, 0x98, 0x9F, 0xA6, 0xAD, 0xB4, 0xBB, 0xC2, 0xC9, 0xD0, 0xD7, 0xDE, 0xE5, 0xEC,
    0xF3, 0xFA, 0x01, 0x08, 0x0F, 0x16, 0x1D, 0x24, 0x2B, 0x32, 0x39, 0x40, 0x47, 0x4E, 0x55, 0x5C,
    0x63, 0x6A, 0x71, 0x78, 0x7F, 0x86, 0x8D, 0x94, 0x9B, 0xA2, 0xA9, 0xB0, 0xB7, 0xBE, 0xC5, 0xCC,
    0xD3, 0xDA, 0xE1, 0xE8, 0xEF, 0xF6, 0xFD, 0x04, 0x0B, 0x12, 0x19, 0x20, 0x27, 0x2E, 0x35, 0x3C,
    0x43, 0x4A, 0x51, 0x58, 0x5F, 0x66, 0x6D, 0x74, 0x7B, 0x82, 0x89, 0x90, 0x97, 0x9E, 0xA5, 0xAC,
    0xB3, 0xBA, 0xC1, 0xC8, 0xCF, 0xD6, 0xDD, 0xE4, 0xEB, 0xF2, 0xF9, 0x00, 0x07, 0x0E, 0x15, 0x1C,
    0x23, 0x2A, 0x31, 0x38, 0x3F, 0x46, 0x4D, 0x54, 0x5B, 0x62, 0x69, 0x70, 0x77, 0x7E, 0x85, 0x8C,
    0x93, 0x9A, 0xA1, 0xA8, 0xAF, 0xB6, 0xBD, 0xC4, 0xCB, 0xD2, 0xD9, 0xE0, 0xE7, 0xEE, 0xF5, 0xFC,
};
static const uint8_t vec_prefix_mix_stack[256] = {
    0x00, 0x00, 0x00, 0x00, 0x00, 0x00, 0x00, 0x00, 0x00, 0x00, 0x00, 0x00, 0x00, 0x00, 0x00, 0x00,
    0x00, 0x00, 0x00, 0x00, 0x00, 0x00, 0x00, 0x00, 0x00, 0x00, 0x00, 0x00, 0x00, 0x00, 0x00, 0x00,
    0x00, 0x00, 0x00, 0x00, 0x00, 0x00, 0x00, 0x00, 0x00, 0x00, 0x00, 0x00, 0x00, 0x00, 0x00, 0x00,
    0x00, 0x00, 0x00, 0x00, 0x00, 0x00, 0x00, 0x00, 0x00, 0x00, 0x00, 0x00, 0x00, 0x00, 0x00, 0x00,
    0x00, 0x00, 0x00, 0x00, 0x00, 0x00, 0x00, 0x00, 0x00, 0x00, 0x00, 0x00, 0x00, 0x00, 0x00, 0x00,
    0x00, 0x00, 0x00, 0x00, 0x00, 0x00, 0x00, 0x00, 0x00, 0x00, 0x00, 0x00, 0x00, 0x00, 0x00, 0x00,
    0x00, 0x00, 0x00, 0x00, 0x00, 0x00, 0x00, 0x00, 0x00, 0x00, 0x00, 0x00, 0x00, 0x00, 0x00, 0x00,
    0x00, 0x00, 0x00, 0x00, 0x00, 0x00, 0x00, 0x00, 0x00, 0x00, 0x00, 0x00, 0x00, 0x00, 0x00, 0x00,
    0x00, 0x00, 0x00, 0x00, 0x00, 0x00, 0x00, 0x00, 0x00, 0x00, 0x00, 0x00, 0x00, 0x00, 0x00, 0x00,
    0x00, 0x00, 0x00, 0x00, 0x00, 0x00, 0x00, 0x00, 0x00, 0x00, 0x00, 0x00, 0x00, 0x00, 0x00, 0x00,
    0x00, 0x00, 0x00, 0x00, 0x00, 0x00, 0x00, 0x00, 0x00, 0x00, 0x00, 0x00, 0x00, 0x00, 0x00, 0x00,
    0x00, 0x00, 0x00, 0x00, 0x00, 0x00, 0x00, 0x00, 0x00, 0x00, 0x00, 0x00, 0x00, 0x00, 0x00, 0x00,
    0x00, 0x00, 0x00, 0x00, 0x00, 0x00, 0x00, 0x00, 0x00, 0x00, 0x00, 0x00, 0x00, 0x00, 0x00, 0x00,
    0x00, 0x00, 0x00, 0x00, 0x00, 0x00, 0x00, 0x00, 0x00, 0x00, 0x00, 0x00, 0x00, 0x00, 0x00, 0x00,
    0x00, 0x00, 0x00, 0x00, 0x00, 0x00, 0x00, 0x00, 0x00, 0x00, 0x00, 0x00, 0x00, 0x00, 0x00, 0x00,
    0x00, 0x00, 0x00, 0x00, 0x00, 0x00, 0x00, 0x00, 0x00, 0x00, 0x00, 0x00, 0x02, 0x02, 0x00, 0x00,
};

static const uint8_t vec_rotate_group_code[399] = {
    0xFC, 0xBF, 0x00, 0xA0, 0x04, 0x08, 0xB9, 0x00, 0x00, 0x00, 0x00, 0xB8, 0x03, 0x00, 0x00, 0x00,
    0x88, 0x07, 0x04, 0x07, 0x47, 0x41, 0x81, 0xF9, 0x00, 0x01, 0x00, 0x00, 0x72, 0xF2, 0xB8, 0x78,
    0x56, 0x34, 0x12, 0xB9, 0xF0, 0xDE, 0xBC, 0x9A, 0xBA, 0x0F, 0x0F, 0x0F, 0x0F, 0xBB, 0x00, 0xA0,
    0x04, 0x08, 0xBD, 0x80, 0xA0, 0x04, 0x08, 0xBE, 0x00, 0xA0, 0x04, 0x08, 0xBF, 0x40, 0xA0, 0x04,
    0x08, 0xBC, 0x40, 0xB3, 0x04, 0x08, 0x68, 0x02, 0x02, 0x00, 0x00, 0x9D, 0xE9, 0x00, 0x00, 0x00,
    0x00, 0xB8, 0x01, 0x00, 0x00, 0x80, 0xD1, 0xC0, 0x0F, 0x92, 0x05, 0x00, 0xA0, 0x04, 0x08, 0xB8,
    0x01, 0x00, 0x00, 0x80, 0xD1, 0xC8, 0x0F, 0x92, 0x05, 0x01, 0xA0, 0x04, 0x08, 0xB8, 0x78, 0x56,
    0x34, 0x12, 0xC1, 0xC0, 0x08, 0xA3, 0x04, 0xA0, 0x04, 0x08, 0xB8, 0x78, 0x56, 0x34, 0x12, 0xC1,
    0xC8, 0x0C, 0xA3, 0x08, 0xA0, 0x04, 0x08, 0xF8, 0xB8, 0x00, 0x00, 0x00, 0x80, 0xD1, 0xD0, 0x0F,
    0x92, 0x05, 0x0C, 0xA0, 0x04, 0x08, 0xA3, 0x10, 0xA0, 0x04, 0x08, 0xF9, 0xB8, 0x01, 0x00, 0x00,
    0x00, 0xD1, 0xD8, 0x0F, 0x92, 0x05, 0x14, 0xA0, 0x04, 0x08, 0xA3, 0x18, 0xA0, 0x04, 0x08, 0xB3,
    0x81, 0xD0, 0xC3, 0x88, 0x1D, 0x1C, 0xA0, 0x04, 0x08, 0x66, 0xB9, 0x01, 0x80, 0x66, 0xD1, 0xC9,
    0x66, 0x89, 0x0D, 0x1E, 0xA0, 0x04, 0x08, 0x89, 0x25, 0x10, 0xA1, 0x04, 0x08, 0xBC, 0x40, 0xA3,
    0x04, 0x08, 0x9C, 0x8F, 0x05, 0x20, 0xA1, 0x04, 0x08, 0xA3, 0x00, 0xA1, 0x04, 0x08, 0x89, 0x0D,
    0x04, 0xA1, 0x04, 0x08, 0x89, 0x15, 0x08, 0xA1, 0x04, 0x08, 0x89, 0x1D, 0x0C, 0xA1, 0x04, 0x08,
    0x89, 0x2D, 0x14, 0xA1, 0x04, 0x08, 0x89, 0x35, 0x18, 0xA1, 0x04, 0x08, 0x89, 0x3D, 0x1C, 0xA1,
    0x04, 0x08, 0xC7, 0x05, 0x24, 0xA1, 0x04, 0x08, 0x00, 0x00, 0x00, 0x00, 0xC7, 0x05, 0x28, 0xA1,
    0x04, 0x08, 0x00, 0x00, 0x00, 0x00, 0xC7, 0x05, 0x2C, 0xA1, 0x04, 0x08, 0x00, 0x00, 0x00, 0x00,
    0x8C, 0x05, 0x24, 0xA1, 0x04, 0x08, 0x8C, 0x0D, 0x26, 0xA1, 0x04, 0x08, 0x8C, 0x15, 0x28, 0xA1,
    0x04, 0x08, 0x8C, 0x1D, 0x2A, 0xA1, 0x04, 0x08, 0x8C, 0x25, 0x2C, 0xA1, 0x04, 0x08, 0x8C, 0x2D,
    0x2E, 0xA1, 0x04, 0x08, 0xB8, 0x04, 0x00, 0x00, 0x00, 0xBB, 0x01, 0x00, 0x00, 0x00, 0xB9, 0x00,
    0xA1, 0x04, 0x08, 0xBA, 0x30, 0x00, 0x00, 0x00, 0xCD, 0x80, 0xB8, 0x04, 0x00, 0x00, 0x00, 0xBB,
    0x01, 0x00, 0x00, 0x00, 0xB9, 0x00, 0xA0, 0x04, 0x08, 0xBA, 0x00, 0x01, 0x00, 0x00, 0xCD, 0x80,
    0xB8, 0x04, 0x00, 0x00, 0x00, 0xBB, 0x01, 0x00, 0x00, 0x00, 0xB9, 0x40, 0xB2, 0x04, 0x08, 0xBA,
    0x00, 0x01, 0x00, 0x00, 0xCD, 0x80, 0xB8, 0x01, 0x00, 0x00, 0x00, 0x31, 0xDB, 0xCD, 0x80,
};
static const uint8_t vec_rotate_group_scratch[256] = {
    0x01, 0x01, 0x11, 0x18, 0x12, 0x78, 0x56, 0x34, 0x45, 0x23, 0x81, 0x67, 0x01, 0x5E, 0x65, 0x6C,
    0x00, 0x00, 0x00, 0x00, 0x01, 0x96, 0x9D, 0xA4, 0x00, 0x00, 0x00, 0x80, 0x03, 0xCE, 0x00, 0xC0,
    0xE3, 0xEA, 0xF1, 0xF8, 0xFF, 0x06, 0x0D, 0x14, 0x1B, 0x22, 0x29, 0x30, 0x37, 0x3E, 0x45, 0x4C,
    0x53, 0x5A, 0x61, 0x68, 0x6F, 0x76, 0x7D, 0x84, 0x8B, 0x92, 0x99, 0xA0, 0xA7, 0xAE, 0xB5, 0xBC,
    0xC3, 0xCA, 0xD1, 0xD8, 0xDF, 0xE6, 0xED, 0xF4, 0xFB, 0x02, 0x09, 0x10, 0x17, 0x1E, 0x25, 0x2C,
    0x33, 0x3A, 0x41, 0x48, 0x4F, 0x56, 0x5D, 0x64, 0x6B, 0x72, 0x79, 0x80, 0x87, 0x8E, 0x95, 0x9C,
    0xA3, 0xAA, 0xB1, 0xB8, 0xBF, 0xC6, 0xCD, 0xD4, 0xDB, 0xE2, 0xE9, 0xF0, 0xF7, 0xFE, 0x05, 0x0C,
    0x13, 0x1A, 0x21, 0x28, 0x2F, 0x36, 0x3D, 0x44, 0x4B, 0x52, 0x59, 0x60, 0x67, 0x6E, 0x75, 0x7C,
    0x83, 0x8A, 0x91, 0x98, 0x9F, 0xA6, 0xAD, 0xB4, 0xBB, 0xC2, 0xC9, 0xD0, 0xD7, 0xDE, 0xE5, 0xEC,
    0xF3, 0xFA, 0x01, 0x08, 0x0F, 0x16, 0x1D, 0x24, 0x2B, 0x32, 0x39, 0x40, 0x47, 0x4E, 0x55, 0x5C,
    0x63, 0x6A, 0x71, 0x78, 0x7F, 0x86, 0x8D, 0x94, 0x9B, 0xA2, 0xA9, 0xB0, 0xB7, 0xBE, 0xC5, 0xCC,
    0xD3, 0xDA, 0xE1, 0xE8, 0xEF, 0xF6, 0xFD, 0x04, 0x0B, 0x12, 0x19, 0x20, 0x27, 0x2E, 0x35, 0x3C,
    0x43, 0x4A, 0x51, 0x58, 0x5F, 0x66, 0x6D, 0x74, 0x7B, 0x82, 0x89, 0x90, 0x97, 0x9E, 0xA5, 0xAC,
    0xB3, 0xBA, 0xC1, 0xC8, 0xCF, 0xD6, 0xDD, 0xE4, 0xEB, 0xF2, 0xF9, 0x00, 0x07, 0x0E, 0x15, 0x1C,
    0x23, 0x2A, 0x31, 0x38, 0x3F, 0x46, 0x4D, 0x54, 0x5B, 0x62, 0x69, 0x70, 0x77, 0x7E, 0x85, 0x8C,
    0x93, 0x9A, 0xA1, 0xA8, 0xAF, 0xB6, 0xBD, 0xC4, 0xCB, 0xD2, 0xD9, 0xE0, 0xE7, 0xEE, 0xF5, 0xFC,
};
static const uint8_t vec_rotate_group_stack[256] = {
    0x00, 0x00, 0x00, 0x00, 0x00, 0x00, 0x00, 0x00, 0x00, 0x00, 0x00, 0x00, 0x00, 0x00, 0x00, 0x00,
    0x00, 0x00, 0x00, 0x00, 0x00, 0x00, 0x00, 0x00, 0x00, 0x00, 0x00, 0x00, 0x00, 0x00, 0x00, 0x00,
    0x00, 0x00, 0x00, 0x00, 0x00, 0x00, 0x00, 0x00, 0x00, 0x00, 0x00, 0x00, 0x00, 0x00, 0x00, 0x00,
    0x00, 0x00, 0x00, 0x00, 0x00, 0x00, 0x00, 0x00, 0x00, 0x00, 0x00, 0x00, 0x00, 0x00, 0x00, 0x00,
    0x00, 0x00, 0x00, 0x00, 0x00, 0x00, 0x00, 0x00, 0x00, 0x00, 0x00, 0x00, 0x00, 0x00, 0x00, 0x00,
    0x00, 0x00, 0x00, 0x00, 0x00, 0x00, 0x00, 0x00, 0x00, 0x00, 0x00, 0x00, 0x00, 0x00, 0x00, 0x00,
    0x00, 0x00, 0x00, 0x00, 0x00, 0x00, 0x00, 0x00, 0x00, 0x00, 0x00, 0x00, 0x00, 0x00, 0x00, 0x00,
    0x00, 0x00, 0x00, 0x00, 0x00, 0x00, 0x00, 0x00, 0x00, 0x00, 0x00, 0x00, 0x00, 0x00, 0x00, 0x00,
    0x00, 0x00, 0x00, 0x00, 0x00, 0x00, 0x00, 0x00, 0x00, 0x00, 0x00, 0x00, 0x00, 0x00, 0x00, 0x00,
    0x00, 0x00, 0x00, 0x00, 0x00, 0x00, 0x00, 0x00, 0x00, 0x00, 0x00, 0x00, 0x00, 0x00, 0x00, 0x00,
    0x00, 0x00, 0x00, 0x00, 0x00, 0x00, 0x00, 0x00, 0x00, 0x00, 0x00, 0x00, 0x00, 0x00, 0x00, 0x00,
    0x00, 0x00, 0x00, 0x00, 0x00, 0x00, 0x00, 0x00, 0x00, 0x00, 0x00, 0x00, 0x00, 0x00, 0x00, 0x00,
    0x00, 0x00, 0x00, 0x00, 0x00, 0x00, 0x00, 0x00, 0x00, 0x00, 0x00, 0x00, 0x00, 0x00, 0x00, 0x00,
    0x00, 0x00, 0x00, 0x00, 0x00, 0x00, 0x00, 0x00, 0x00, 0x00, 0x00, 0x00, 0x00, 0x00, 0x00, 0x00,
    0x00, 0x00, 0x00, 0x00, 0x00, 0x00, 0x00, 0x00, 0x00, 0x00, 0x00, 0x00, 0x00, 0x00, 0x00, 0x00,
    0x00, 0x00, 0x00, 0x00, 0x00, 0x00, 0x00, 0x00, 0x00, 0x00, 0x00, 0x00, 0x02, 0x02, 0x00, 0x00,
};

static const uint8_t vec_seg_load_code[414] = {
    0xFC, 0xBF, 0x00, 0xA0, 0x04, 0x08, 0xB9, 0x00, 0x00, 0x00, 0x00, 0xB8, 0x03, 0x00, 0x00, 0x00,
    0x88, 0x07, 0x04, 0x07, 0x47, 0x41, 0x81, 0xF9, 0x00, 0x01, 0x00, 0x00, 0x72, 0xF2, 0xB8, 0x78,
    0x56, 0x34, 0x12, 0xB9, 0xF0, 0xDE, 0xBC, 0x9A, 0xBA, 0x0F, 0x0F, 0x0F, 0x0F, 0xBB, 0x00, 0xA0,
    0x04, 0x08, 0xBD, 0x80, 0xA0, 0x04, 0x08, 0xBE, 0x00, 0xA0, 0x04, 0x08, 0xBF, 0x40, 0xA0, 0x04,
    0x08, 0xBC, 0x40, 0xB3, 0x04, 0x08, 0x68, 0x02, 0x02, 0x00, 0x00, 0x9D, 0xE9, 0x00, 0x00, 0x00,
    0x00, 0x89, 0x25, 0x20, 0xA0, 0x04, 0x08, 0x8C, 0x15, 0x24, 0xA0, 0x04, 0x08, 0x0F, 0xB2, 0x25,
    0x20, 0xA0, 0x04, 0x08, 0x89, 0x25, 0x28, 0xA0, 0x04, 0x08, 0xC7, 0x05, 0x30, 0xA0, 0x04, 0x08,
    0x0D, 0xF0, 0xAD, 0x0B, 0x8C, 0x1D, 0x34, 0xA0, 0x04, 0x08, 0xC5, 0x05, 0x30, 0xA0, 0x04, 0x08,
    0xC7, 0x05, 0x38, 0xA0, 0x04, 0x08, 0xCD, 0xAB, 0x34, 0x12, 0x8C, 0x05, 0x3C, 0xA0, 0x04, 0x08,
    0xC4, 0x0D, 0x38, 0xA0, 0x04, 0x08, 0xC7, 0x05, 0x40, 0xA0, 0x04, 0x08, 0x34, 0x12, 0xAA, 0x55,
    0x8C, 0x25, 0x44, 0xA0, 0x04, 0x08, 0x0F, 0xB4, 0x15, 0x40, 0xA0, 0x04, 0x08, 0xC7, 0x05, 0x48,
    0xA0, 0x04, 0x08, 0xF0, 0xF0, 0x0F, 0x0F, 0x8C, 0x2D, 0x4C, 0xA0, 0x04, 0x08, 0x0F, 0xB5, 0x35,
    0x48, 0xA0, 0x04, 0x08, 0xBF, 0x00, 0xA0, 0x04, 0x08, 0xC7, 0x47, 0x50, 0x44, 0x55, 0x66, 0x77,
    0x8C, 0x5F, 0x54, 0xC5, 0x6F, 0x50, 0x89, 0x25, 0x10, 0xA1, 0x04, 0x08, 0xBC, 0x40, 0xA3, 0x04,
    0x08, 0x9C, 0x8F, 0x05, 0x20, 0xA1, 0x04, 0x08, 0xA3, 0x00, 0xA1, 0x04, 0x08, 0x89, 0x0D, 0x04,
    0xA1, 0x04, 0x08, 0x89, 0x15, 0x08, 0xA1, 0x04, 0x08, 0x89, 0x1D, 0x0C, 0xA1, 0x04, 0x08, 0x89,
    0x2D, 0x14, 0xA1, 0x04, 0x08, 0x89, 0x35, 0x18, 0xA1, 0x04, 0x08, 0x89, 0x3D, 0x1C, 0xA1, 0x04,
    0x08, 0xC7, 0x05, 0x24, 0xA1, 0x04, 0x08, 0x00, 0x00, 0x00, 0x00, 0xC7, 0x05, 0x28, 0xA1, 0x04,
    0x08, 0x00, 0x00, 0x00, 0x00, 0xC7, 0x05, 0x2C, 0xA1, 0x04, 0x08, 0x00, 0x00, 0x00, 0x00, 0x8C,
    0x05, 0x24, 0xA1, 0x04, 0x08, 0x8C, 0x0D, 0x26, 0xA1, 0x04, 0x08, 0x8C, 0x15, 0x28, 0xA1, 0x04,
    0x08, 0x8C, 0x1D, 0x2A, 0xA1, 0x04, 0x08, 0x8C, 0x25, 0x2C, 0xA1, 0x04, 0x08, 0x8C, 0x2D, 0x2E,
    0xA1, 0x04, 0x08, 0xB8, 0x04, 0x00, 0x00, 0x00, 0xBB, 0x01, 0x00, 0x00, 0x00, 0xB9, 0x00, 0xA1,
    0x04, 0x08, 0xBA, 0x30, 0x00, 0x00, 0x00, 0xCD, 0x80, 0xB8, 0x04, 0x00, 0x00, 0x00, 0xBB, 0x01,
    0x00, 0x00, 0x00, 0xB9, 0x00, 0xA0, 0x04, 0x08, 0xBA, 0x00, 0x01, 0x00, 0x00, 0xCD, 0x80, 0xB8,
    0x04, 0x00, 0x00, 0x00, 0xBB, 0x01, 0x00, 0x00, 0x00, 0xB9, 0x40, 0xB2, 0x04, 0x08, 0xBA, 0x00,
    0x01, 0x00, 0x00, 0xCD, 0x80, 0xB8, 0x01, 0x00, 0x00, 0x00, 0x31, 0xDB, 0xCD, 0x80,
};
static const uint8_t vec_seg_load_scratch[256] = {
    0x03, 0x0A, 0x11, 0x18, 0x1F, 0x26, 0x2D, 0x34, 0x3B, 0x42, 0x49, 0x50, 0x57, 0x5E, 0x65, 0x6C,
    0x73, 0x7A, 0x81, 0x88, 0x8F, 0x96, 0x9D, 0xA4, 0xAB, 0xB2, 0xB9, 0xC0, 0xC7, 0xCE, 0xD5, 0xDC,
    0x40, 0xB3, 0x04, 0x08, 0x2B, 0x00, 0x0D, 0x14, 0x40, 0xB3, 0x04, 0x08, 0x37, 0x3E, 0x45, 0x4C,
    0x0D, 0xF0, 0xAD, 0x0B, 0x2B, 0x00, 0x7D, 0x84, 0xCD, 0xAB, 0x34, 0x12, 0x2B, 0x00, 0xB5, 0xBC,
    0x34, 0x12, 0xAA, 0x55, 0x00, 0x00, 0xED, 0xF4, 0xF0, 0xF0, 0x0F, 0x0F, 0x00, 0x00, 0x25, 0x2C,
    0x44, 0x55, 0x66, 0x77, 0x2B, 0x00, 0x5D, 0x64, 0x6B, 0x72, 0x79, 0x80, 0x87, 0x8E, 0x95, 0x9C,
    0xA3, 0xAA, 0xB1, 0xB8, 0xBF, 0xC6, 0xCD, 0xD4, 0xDB, 0xE2, 0xE9, 0xF0, 0xF7, 0xFE, 0x05, 0x0C,
    0x13, 0x1A, 0x21, 0x28, 0x2F, 0x36, 0x3D, 0x44, 0x4B, 0x52, 0x59, 0x60, 0x67, 0x6E, 0x75, 0x7C,
    0x83, 0x8A, 0x91, 0x98, 0x9F, 0xA6, 0xAD, 0xB4, 0xBB, 0xC2, 0xC9, 0xD0, 0xD7, 0xDE, 0xE5, 0xEC,
    0xF3, 0xFA, 0x01, 0x08, 0x0F, 0x16, 0x1D, 0x24, 0x2B, 0x32, 0x39, 0x40, 0x47, 0x4E, 0x55, 0x5C,
    0x63, 0x6A, 0x71, 0x78, 0x7F, 0x86, 0x8D, 0x94, 0x9B, 0xA2, 0xA9, 0xB0, 0xB7, 0xBE, 0xC5, 0xCC,
    0xD3, 0xDA, 0xE1, 0xE8, 0xEF, 0xF6, 0xFD, 0x04, 0x0B, 0x12, 0x19, 0x20, 0x27, 0x2E, 0x35, 0x3C,
    0x43, 0x4A, 0x51, 0x58, 0x5F, 0x66, 0x6D, 0x74, 0x7B, 0x82, 0x89, 0x90, 0x97, 0x9E, 0xA5, 0xAC,
    0xB3, 0xBA, 0xC1, 0xC8, 0xCF, 0xD6, 0xDD, 0xE4, 0xEB, 0xF2, 0xF9, 0x00, 0x07, 0x0E, 0x15, 0x1C,
    0x23, 0x2A, 0x31, 0x38, 0x3F, 0x46, 0x4D, 0x54, 0x5B, 0x62, 0x69, 0x70, 0x77, 0x7E, 0x85, 0x8C,
    0x93, 0x9A, 0xA1, 0xA8, 0xAF, 0xB6, 0xBD, 0xC4, 0xCB, 0xD2, 0xD9, 0xE0, 0xE7, 0xEE, 0xF5, 0xFC,
};
static const uint8_t vec_seg_load_stack[256] = {
    0x00, 0x00, 0x00, 0x00, 0x00, 0x00, 0x00, 0x00, 0x00, 0x00, 0x00, 0x00, 0x00, 0x00, 0x00, 0x00,
    0x00, 0x00, 0x00, 0x00, 0x00, 0x00, 0x00, 0x00, 0x00, 0x00, 0x00, 0x00, 0x00, 0x00, 0x00, 0x00,
    0x00, 0x00, 0x00, 0x00, 0x00, 0x00, 0x00, 0x00, 0x00, 0x00, 0x00, 0x00, 0x00, 0x00, 0x00, 0x00,
    0x00, 0x00, 0x00, 0x00, 0x00, 0x00, 0x00, 0x00, 0x00, 0x00, 0x00, 0x00, 0x00, 0x00, 0x00, 0x00,
    0x00, 0x00, 0x00, 0x00, 0x00, 0x00, 0x00, 0x00, 0x00, 0x00, 0x00, 0x00, 0x00, 0x00, 0x00, 0x00,
    0x00, 0x00, 0x00, 0x00, 0x00, 0x00, 0x00, 0x00, 0x00, 0x00, 0x00, 0x00, 0x00, 0x00, 0x00, 0x00,
    0x00, 0x00, 0x00, 0x00, 0x00, 0x00, 0x00, 0x00, 0x00, 0x00, 0x00, 0x00, 0x00, 0x00, 0x00, 0x00,
    0x00, 0x00, 0x00, 0x00, 0x00, 0x00, 0x00, 0x00, 0x00, 0x00, 0x00, 0x00, 0x00, 0x00, 0x00, 0x00,
    0x00, 0x00, 0x00, 0x00, 0x00, 0x00, 0x00, 0x00, 0x00, 0x00, 0x00, 0x00, 0x00, 0x00, 0x00, 0x00,
    0x00, 0x00, 0x00, 0x00, 0x00, 0x00, 0x00, 0x00, 0x00, 0x00, 0x00, 0x00, 0x00, 0x00, 0x00, 0x00,
    0x00, 0x00, 0x00, 0x00, 0x00, 0x00, 0x00, 0x00, 0x00, 0x00, 0x00, 0x00, 0x00, 0x00, 0x00, 0x00,
    0x00, 0x00, 0x00, 0x00, 0x00, 0x00, 0x00, 0x00, 0x00, 0x00, 0x00, 0x00, 0x00, 0x00, 0x00, 0x00,
    0x00, 0x00, 0x00, 0x00, 0x00, 0x00, 0x00, 0x00, 0x00, 0x00, 0x00, 0x00, 0x00, 0x00, 0x00, 0x00,
    0x00, 0x00, 0x00, 0x00, 0x00, 0x00, 0x00, 0x00, 0x00, 0x00, 0x00, 0x00, 0x00, 0x00, 0x00, 0x00,
    0x00, 0x00, 0x00, 0x00, 0x00, 0x00, 0x00, 0x00, 0x00, 0x00, 0x00, 0x00, 0x00, 0x00, 0x00, 0x00,
    0x00, 0x00, 0x00, 0x00, 0x00, 0x00, 0x00, 0x00, 0x00, 0x00, 0x00, 0x00, 0x02, 0x02, 0x00, 0x00,
};

static const uint8_t vec_shift_group_code[412] = {
    0xFC, 0xBF, 0x00, 0xA0, 0x04, 0x08, 0xB9, 0x00, 0x00, 0x00, 0x00, 0xB8, 0x03, 0x00, 0x00, 0x00,
    0x88, 0x07, 0x04, 0x07, 0x47, 0x41, 0x81, 0xF9, 0x00, 0x01, 0x00, 0x00, 0x72, 0xF2, 0xB8, 0x78,
    0x56, 0x34, 0x12, 0xB9, 0xF0, 0xDE, 0xBC, 0x9A, 0xBA, 0x0F, 0x0F, 0x0F, 0x0F, 0xBB, 0x00, 0xA0,
    0x04, 0x08, 0xBD, 0x80, 0xA0, 0x04, 0x08, 0xBE, 0x00, 0xA0, 0x04, 0x08, 0xBF, 0x40, 0xA0, 0x04,
    0x08, 0xBC, 0x40, 0xB3, 0x04, 0x08, 0x68, 0x02, 0x02, 0x00, 0x00, 0x9D, 0xE9, 0x00, 0x00, 0x00,
    0x00, 0xB8, 0x01, 0x00, 0x00, 0x00, 0xC1, 0xE0, 0x1F, 0x0F, 0x92, 0x05, 0x00, 0xA0, 0x04, 0x08,
    0xB8, 0x00, 0x00, 0x00, 0x80, 0xD1, 0xE0, 0x0F, 0x92, 0x05, 0x01, 0xA0, 0x04, 0x08, 0x0F, 0x90,
    0x05, 0x02, 0xA0, 0x04, 0x08, 0xB8, 0x00, 0x00, 0x00, 0x80, 0xC1, 0xF8, 0x04, 0xA3, 0x04, 0xA0,
    0x04, 0x08, 0xB8, 0x00, 0x00, 0x00, 0x80, 0xC1, 0xE8, 0x04, 0xA3, 0x08, 0xA0, 0x04, 0x08, 0xB8,
    0x78, 0x56, 0x34, 0x12, 0xB1, 0x08, 0xD3, 0xE0, 0xA3, 0x0C, 0xA0, 0x04, 0x08, 0xB8, 0x78, 0x56,
    0x34, 0x12, 0xB1, 0x21, 0xD3, 0xE8, 0xA3, 0x10, 0xA0, 0x04, 0x08, 0x66, 0xBB, 0x01, 0x80, 0x66,
    0xD1, 0xFB, 0x66, 0x89, 0x1D, 0x14, 0xA0, 0x04, 0x08, 0xB2, 0x81, 0xD0, 0xFA, 0x88, 0x15, 0x16,
    0xA0, 0x04, 0x08, 0xB8, 0xFF, 0xFF, 0xFF, 0xFF, 0xD1, 0xE8, 0x0F, 0x92, 0x05, 0x17, 0xA0, 0x04,
    0x08, 0xC1, 0xF8, 0x1F, 0x89, 0x25, 0x10, 0xA1, 0x04, 0x08, 0xBC, 0x40, 0xA3, 0x04, 0x08, 0x9C,
    0x8F, 0x05, 0x20, 0xA1, 0x04, 0x08, 0xA3, 0x00, 0xA1, 0x04, 0x08, 0x89, 0x0D, 0x04, 0xA1, 0x04,
    0x08, 0x89, 0x15, 0x08, 0xA1, 0x04, 0x08, 0x89, 0x1D, 0x0C, 0xA1, 0x04, 0x08, 0x89, 0x2D, 0x14,
    0xA1, 0x04, 0x08, 0x89, 0x35, 0x18, 0xA1, 0x04, 0x08, 0x89, 0x3D, 0x1C, 0xA1, 0x04, 0x08, 0xC7,
    0x05, 0x24, 0xA1, 0x04, 0x08, 0x00, 0x00, 0x00, 0x00, 0xC7, 0x05, 0x28, 0xA1, 0x04, 0x08, 0x00,
    0x00, 0x00, 0x00, 0xC7, 0x05, 0x2C, 0xA1, 0x04, 0x08, 0x00, 0x00, 0x00, 0x00, 0x8C, 0x05, 0x24,
    0xA1, 0x04, 0x08, 0x8C, 0x0D, 0x26, 0xA1, 0x04, 0x08, 0x8C, 0x15, 0x28, 0xA1, 0x04, 0x08, 0x8C,
    0x1D, 0x2A, 0xA1, 0x04, 0x08, 0x8C, 0x25, 0x2C, 0xA1, 0x04, 0x08, 0x8C, 0x2D, 0x2E, 0xA1, 0x04,
    0x08, 0xB8, 0x04, 0x00, 0x00, 0x00, 0xBB, 0x01, 0x00, 0x00, 0x00, 0xB9, 0x00, 0xA1, 0x04, 0x08,
    0xBA, 0x30, 0x00, 0x00, 0x00, 0xCD, 0x80, 0xB8, 0x04, 0x00, 0x00, 0x00, 0xBB, 0x01, 0x00, 0x00,
    0x00, 0xB9, 0x00, 0xA0, 0x04, 0x08, 0xBA, 0x00, 0x01, 0x00, 0x00, 0xCD, 0x80, 0xB8, 0x04, 0x00,
    0x00, 0x00, 0xBB, 0x01, 0x00, 0x00, 0x00, 0xB9, 0x40, 0xB2, 0x04, 0x08, 0xBA, 0x00, 0x01, 0x00,
    0x00, 0xCD, 0x80, 0xB8, 0x01, 0x00, 0x00, 0x00, 0x31, 0xDB, 0xCD, 0x80,
};
static const uint8_t vec_shift_group_scratch[256] = {
    0x00, 0x01, 0x01, 0x18, 0x00, 0x00, 0x00, 0xF8, 0x00, 0x00, 0x00, 0x08, 0x00, 0x78, 0x56, 0x34,
    0x3C, 0x2B, 0x1A, 0x09, 0x00, 0xC0, 0xC0, 0x01, 0xAB, 0xB2, 0xB9, 0xC0, 0xC7, 0xCE, 0xD5, 0xDC,
    0xE3, 0xEA, 0xF1, 0xF8, 0xFF, 0x06, 0x0D, 0x14, 0x1B, 0x22, 0x29, 0x30, 0x37, 0x3E, 0x45, 0x4C,
    0x53, 0x5A, 0x61, 0x68, 0x6F, 0x76, 0x7D, 0x84, 0x8B, 0x92, 0x99, 0xA0, 0xA7, 0xAE, 0xB5, 0xBC,
    0xC3, 0xCA, 0xD1, 0xD8, 0xDF, 0xE6, 0xED, 0xF4, 0xFB, 0x02, 0x09, 0x10, 0x17, 0x1E, 0x25, 0x2C,
    0x33, 0x3A, 0x41, 0x48, 0x4F, 0x56, 0x5D, 0x64, 0x6B, 0x72, 0x79, 0x80, 0x87, 0x8E, 0x95, 0x9C,
    0xA3, 0xAA, 0xB1, 0xB8, 0xBF, 0xC6, 0xCD, 0xD4, 0xDB, 0xE2, 0xE9, 0xF0, 0xF7, 0xFE, 0x05, 0x0C,
    0x13, 0x1A, 0x21, 0x28, 0x2F, 0x36, 0x3D, 0x44, 0x4B, 0x52, 0x59, 0x60, 0x67, 0x6E, 0x75, 0x7C,
    0x83, 0x8A, 0x91, 0x98, 0x9F, 0xA6, 0xAD, 0xB4, 0xBB, 0xC2, 0xC9, 0xD0, 0xD7, 0xDE, 0xE5, 0xEC,
    0xF3, 0xFA, 0x01, 0x08, 0x0F, 0x16, 0x1D, 0x24, 0x2B, 0x32, 0x39, 0x40, 0x47, 0x4E, 0x55, 0x5C,
    0x63, 0x6A, 0x71, 0x78, 0x7F, 0x86, 0x8D, 0x94, 0x9B, 0xA2, 0xA9, 0xB0, 0xB7, 0xBE, 0xC5, 0xCC,
    0xD3, 0xDA, 0xE1, 0xE8, 0xEF, 0xF6, 0xFD, 0x04, 0x0B, 0x12, 0x19, 0x20, 0x27, 0x2E, 0x35, 0x3C,
    0x43, 0x4A, 0x51, 0x58, 0x5F, 0x66, 0x6D, 0x74, 0x7B, 0x82, 0x89, 0x90, 0x97, 0x9E, 0xA5, 0xAC,
    0xB3, 0xBA, 0xC1, 0xC8, 0xCF, 0xD6, 0xDD, 0xE4, 0xEB, 0xF2, 0xF9, 0x00, 0x07, 0x0E, 0x15, 0x1C,
    0x23, 0x2A, 0x31, 0x38, 0x3F, 0x46, 0x4D, 0x54, 0x5B, 0x62, 0x69, 0x70, 0x77, 0x7E, 0x85, 0x8C,
    0x93, 0x9A, 0xA1, 0xA8, 0xAF, 0xB6, 0xBD, 0xC4, 0xCB, 0xD2, 0xD9, 0xE0, 0xE7, 0xEE, 0xF5, 0xFC,
};
static const uint8_t vec_shift_group_stack[256] = {
    0x00, 0x00, 0x00, 0x00, 0x00, 0x00, 0x00, 0x00, 0x00, 0x00, 0x00, 0x00, 0x00, 0x00, 0x00, 0x00,
    0x00, 0x00, 0x00, 0x00, 0x00, 0x00, 0x00, 0x00, 0x00, 0x00, 0x00, 0x00, 0x00, 0x00, 0x00, 0x00,
    0x00, 0x00, 0x00, 0x00, 0x00, 0x00, 0x00, 0x00, 0x00, 0x00, 0x00, 0x00, 0x00, 0x00, 0x00, 0x00,
    0x00, 0x00, 0x00, 0x00, 0x00, 0x00, 0x00, 0x00, 0x00, 0x00, 0x00, 0x00, 0x00, 0x00, 0x00, 0x00,
    0x00, 0x00, 0x00, 0x00, 0x00, 0x00, 0x00, 0x00, 0x00, 0x00, 0x00, 0x00, 0x00, 0x00, 0x00, 0x00,
    0x00, 0x00, 0x00, 0x00, 0x00, 0x00, 0x00, 0x00, 0x00, 0x00, 0x00, 0x00, 0x00, 0x00, 0x00, 0x00,
    0x00, 0x00, 0x00, 0x00, 0x00, 0x00, 0x00, 0x00, 0x00, 0x00, 0x00, 0x00, 0x00, 0x00, 0x00, 0x00,
    0x00, 0x00, 0x00, 0x00, 0x00, 0x00, 0x00, 0x00, 0x00, 0x00, 0x00, 0x00, 0x00, 0x00, 0x00, 0x00,
    0x00, 0x00, 0x00, 0x00, 0x00, 0x00, 0x00, 0x00, 0x00, 0x00, 0x00, 0x00, 0x00, 0x00, 0x00, 0x00,
    0x00, 0x00, 0x00, 0x00, 0x00, 0x00, 0x00, 0x00, 0x00, 0x00, 0x00, 0x00, 0x00, 0x00, 0x00, 0x00,
    0x00, 0x00, 0x00, 0x00, 0x00, 0x00, 0x00, 0x00, 0x00, 0x00, 0x00, 0x00, 0x00, 0x00, 0x00, 0x00,
    0x00, 0x00, 0x00, 0x00, 0x00, 0x00, 0x00, 0x00, 0x00, 0x00, 0x00, 0x00, 0x00, 0x00, 0x00, 0x00,
    0x00, 0x00, 0x00, 0x00, 0x00, 0x00, 0x00, 0x00, 0x00, 0x00, 0x00, 0x00, 0x00, 0x00, 0x00, 0x00,
    0x00, 0x00, 0x00, 0x00, 0x00, 0x00, 0x00, 0x00, 0x00, 0x00, 0x00, 0x00, 0x00, 0x00, 0x00, 0x00,
    0x00, 0x00, 0x00, 0x00, 0x00, 0x00, 0x00, 0x00, 0x00, 0x00, 0x00, 0x00, 0x00, 0x00, 0x00, 0x00,
    0x00, 0x00, 0x00, 0x00, 0x00, 0x00, 0x00, 0x00, 0x00, 0x00, 0x00, 0x00, 0x02, 0x02, 0x00, 0x00,
};

static const uint8_t vec_shld_shrd_code[392] = {
    0xFC, 0xBF, 0x00, 0xA0, 0x04, 0x08, 0xB9, 0x00, 0x00, 0x00, 0x00, 0xB8, 0x03, 0x00, 0x00, 0x00,
    0x88, 0x07, 0x04, 0x07, 0x47, 0x41, 0x81, 0xF9, 0x00, 0x01, 0x00, 0x00, 0x72, 0xF2, 0xB8, 0x78,
    0x56, 0x34, 0x12, 0xB9, 0xF0, 0xDE, 0xBC, 0x9A, 0xBA, 0x0F, 0x0F, 0x0F, 0x0F, 0xBB, 0x00, 0xA0,
    0x04, 0x08, 0xBD, 0x80, 0xA0, 0x04, 0x08, 0xBE, 0x00, 0xA0, 0x04, 0x08, 0xBF, 0x40, 0xA0, 0x04,
    0x08, 0xBC, 0x40, 0xB3, 0x04, 0x08, 0x68, 0x02, 0x02, 0x00, 0x00, 0x9D, 0xE9, 0x00, 0x00, 0x00,
    0x00, 0xB8, 0x78, 0x56, 0x34, 0x12, 0xBA, 0x01, 0xEF, 0xCD, 0xAB, 0x0F, 0xA4, 0xD0, 0x08, 0xA3,
    0x00, 0xA0, 0x04, 0x08, 0x0F, 0x92, 0x05, 0x04, 0xA0, 0x04, 0x08, 0xB8, 0x78, 0x56, 0x34, 0x12,
    0xBA, 0x01, 0xEF, 0xCD, 0xAB, 0x0F, 0xAC, 0xD0, 0x08, 0xA3, 0x08, 0xA0, 0x04, 0x08, 0x0F, 0x92,
    0x05, 0x0C, 0xA0, 0x04, 0x08, 0xB8, 0x00, 0x00, 0x34, 0x12, 0xBA, 0xCD, 0xAB, 0x00, 0x00, 0x0F,
    0xA4, 0xD0, 0x10, 0xA3, 0x10, 0xA0, 0x04, 0x08, 0xB8, 0x00, 0x00, 0xFF, 0xFF, 0xBA, 0xFF, 0xFF,
    0xFF, 0xFF, 0xB1, 0x04, 0x0F, 0xAD, 0xD0, 0xA3, 0x14, 0xA0, 0x04, 0x08, 0x66, 0xBB, 0x34, 0x12,
    0x66, 0xBE, 0xCD, 0xAB, 0x66, 0x0F, 0xA4, 0xF3, 0x04, 0x66, 0x89, 0x1D, 0x18, 0xA0, 0x04, 0x08,
    0x89, 0x25, 0x10, 0xA1, 0x04, 0x08, 0xBC, 0x40, 0xA3, 0x04, 0x08, 0x9C, 0x8F, 0x05, 0x20, 0xA1,
    0x04, 0x08, 0xA3, 0x00, 0xA1, 0x04, 0x08, 0x89, 0x0D, 0x04, 0xA1, 0x04, 0x08, 0x89, 0x15, 0x08,
    0xA1, 0x04, 0x08, 0x89, 0x1D, 0x0C, 0xA1, 0x04, 0x08, 0x89, 0x2D, 0x14, 0xA1, 0x04, 0x08, 0x89,
    0x35, 0x18, 0xA1, 0x04, 0x08, 0x89, 0x3D, 0x1C, 0xA1, 0x04, 0x08, 0xC7, 0x05, 0x24, 0xA1, 0x04,
    0x08, 0x00, 0x00, 0x00, 0x00, 0xC7, 0x05, 0x28, 0xA1, 0x04, 0x08, 0x00, 0x00, 0x00, 0x00, 0xC7,
    0x05, 0x2C, 0xA1, 0x04, 0x08, 0x00, 0x00, 0x00, 0x00, 0x8C, 0x05, 0x24, 0xA1, 0x04, 0x08, 0x8C,
    0x0D, 0x26, 0xA1, 0x04, 0x08, 0x8C, 0x15, 0x28, 0xA1, 0x04, 0x08, 0x8C, 0x1D, 0x2A, 0xA1, 0x04,
    0x08, 0x8C, 0x25, 0x2C, 0xA1, 0x04, 0x08, 0x8C, 0x2D, 0x2E, 0xA1, 0x04, 0x08, 0xB8, 0x04, 0x00,
    0x00, 0x00, 0xBB, 0x01, 0x00, 0x00, 0x00, 0xB9, 0x00, 0xA1, 0x04, 0x08, 0xBA, 0x30, 0x00, 0x00,
    0x00, 0xCD, 0x80, 0xB8, 0x04, 0x00, 0x00, 0x00, 0xBB, 0x01, 0x00, 0x00, 0x00, 0xB9, 0x00, 0xA0,
    0x04, 0x08, 0xBA, 0x00, 0x01, 0x00, 0x00, 0xCD, 0x80, 0xB8, 0x04, 0x00, 0x00, 0x00, 0xBB, 0x01,
    0x00, 0x00, 0x00, 0xB9, 0x40, 0xB2, 0x04, 0x08, 0xBA, 0x00, 0x01, 0x00, 0x00, 0xCD, 0x80, 0xB8,
    0x01, 0x00, 0x00, 0x00, 0x31, 0xDB, 0xCD, 0x80,
};
static const uint8_t vec_shld_shrd_scratch[256] = {
    0xAB, 0x78, 0x56, 0x34, 0x00, 0x26, 0x2D, 0x34, 0x56, 0x34, 0x12, 0x01, 0x00, 0x5E, 0x65, 0x6C,
    0x00, 0x00, 0x00, 0x00, 0x00, 0xF0, 0xFF, 0xFF, 0x4A, 0x23, 0xB9, 0xC0, 0xC7, 0xCE, 0xD5, 0xDC,
    0xE3, 0xEA, 0xF1, 0xF8, 0xFF, 0x06, 0x0D, 0x14, 0x1B, 0x22, 0x29, 0x30, 0x37, 0x3E, 0x45, 0x4C,
    0x53, 0x5A, 0x61, 0x68, 0x6F, 0x76, 0x7D, 0x84, 0x8B, 0x92, 0x99, 0xA0, 0xA7, 0xAE, 0xB5, 0xBC,
    0xC3, 0xCA, 0xD1, 0xD8, 0xDF, 0xE6, 0xED, 0xF4, 0xFB, 0x02, 0x09, 0x10, 0x17, 0x1E, 0x25, 0x2C,
    0x33, 0x3A, 0x41, 0x48, 0x4F, 0x56, 0x5D, 0x64, 0x6B, 0x72, 0x79, 0x80, 0x87, 0x8E, 0x95, 0x9C,
    0xA3, 0xAA, 0xB1, 0xB8, 0xBF, 0xC6, 0xCD, 0xD4, 0xDB, 0xE2, 0xE9, 0xF0, 0xF7, 0xFE, 0x05, 0x0C,
    0x13, 0x1A, 0x21, 0x28, 0x2F, 0x36, 0x3D, 0x44, 0x4B, 0x52, 0x59, 0x60, 0x67, 0x6E, 0x75, 0x7C,
    0x83, 0x8A, 0x91, 0x98, 0x9F, 0xA6, 0xAD, 0xB4, 0xBB, 0xC2, 0xC9, 0xD0, 0xD7, 0xDE, 0xE5, 0xEC,
    0xF3, 0xFA, 0x01, 0x08, 0x0F, 0x16, 0x1D, 0x24, 0x2B, 0x32, 0x39, 0x40, 0x47, 0x4E, 0x55, 0x5C,
    0x63, 0x6A, 0x71, 0x78, 0x7F, 0x86, 0x8D, 0x94, 0x9B, 0xA2, 0xA9, 0xB0, 0xB7, 0xBE, 0xC5, 0xCC,
    0xD3, 0xDA, 0xE1, 0xE8, 0xEF, 0xF6, 0xFD, 0x04, 0x0B, 0x12, 0x19, 0x20, 0x27, 0x2E, 0x35, 0x3C,
    0x43, 0x4A, 0x51, 0x58, 0x5F, 0x66, 0x6D, 0x74, 0x7B, 0x82, 0x89, 0x90, 0x97, 0x9E, 0xA5, 0xAC,
    0xB3, 0xBA, 0xC1, 0xC8, 0xCF, 0xD6, 0xDD, 0xE4, 0xEB, 0xF2, 0xF9, 0x00, 0x07, 0x0E, 0x15, 0x1C,
    0x23, 0x2A, 0x31, 0x38, 0x3F, 0x46, 0x4D, 0x54, 0x5B, 0x62, 0x69, 0x70, 0x77, 0x7E, 0x85, 0x8C,
    0x93, 0x9A, 0xA1, 0xA8, 0xAF, 0xB6, 0xBD, 0xC4, 0xCB, 0xD2, 0xD9, 0xE0, 0xE7, 0xEE, 0xF5, 0xFC,
};
static const uint8_t vec_shld_shrd_stack[256] = {
    0x00, 0x00, 0x00, 0x00, 0x00, 0x00, 0x00, 0x00, 0x00, 0x00, 0x00, 0x00, 0x00, 0x00, 0x00, 0x00,
    0x00, 0x00, 0x00, 0x00, 0x00, 0x00, 0x00, 0x00, 0x00, 0x00, 0x00, 0x00, 0x00, 0x00, 0x00, 0x00,
    0x00, 0x00, 0x00, 0x00, 0x00, 0x00, 0x00, 0x00, 0x00, 0x00, 0x00, 0x00, 0x00, 0x00, 0x00, 0x00,
    0x00, 0x00, 0x00, 0x00, 0x00, 0x00, 0x00, 0x00, 0x00, 0x00, 0x00, 0x00, 0x00, 0x00, 0x00, 0x00,
    0x00, 0x00, 0x00, 0x00, 0x00, 0x00, 0x00, 0x00, 0x00, 0x00, 0x00, 0x00, 0x00, 0x00, 0x00, 0x00,
    0x00, 0x00, 0x00, 0x00, 0x00, 0x00, 0x00, 0x00, 0x00, 0x00, 0x00, 0x00, 0x00, 0x00, 0x00, 0x00,
    0x00, 0x00, 0x00, 0x00, 0x00, 0x00, 0x00, 0x00, 0x00, 0x00, 0x00, 0x00, 0x00, 0x00, 0x00, 0x00,
    0x00, 0x00, 0x00, 0x00, 0x00, 0x00, 0x00, 0x00, 0x00, 0x00, 0x00, 0x00, 0x00, 0x00, 0x00, 0x00,
    0x00, 0x00, 0x00, 0x00, 0x00, 0x00, 0x00, 0x00, 0x00, 0x00, 0x00, 0x00, 0x00, 0x00, 0x00, 0x00,
    0x00, 0x00, 0x00, 0x00, 0x00, 0x00, 0x00, 0x00, 0x00, 0x00, 0x00, 0x00, 0x00, 0x00, 0x00, 0x00,
    0x00, 0x00, 0x00, 0x00, 0x00, 0x00, 0x00, 0x00, 0x00, 0x00, 0x00, 0x00, 0x00, 0x00, 0x00, 0x00,
    0x00, 0x00, 0x00, 0x00, 0x00, 0x00, 0x00, 0x00, 0x00, 0x00, 0x00, 0x00, 0x00, 0x00, 0x00, 0x00,
    0x00, 0x00, 0x00, 0x00, 0x00, 0x00, 0x00, 0x00, 0x00, 0x00, 0x00, 0x00, 0x00, 0x00, 0x00, 0x00,
    0x00, 0x00, 0x00, 0x00, 0x00, 0x00, 0x00, 0x00, 0x00, 0x00, 0x00, 0x00, 0x00, 0x00, 0x00, 0x00,
    0x00, 0x00, 0x00, 0x00, 0x00, 0x00, 0x00, 0x00, 0x00, 0x00, 0x00, 0x00, 0x00, 0x00, 0x00, 0x00,
    0x00, 0x00, 0x00, 0x00, 0x00, 0x00, 0x00, 0x00, 0x00, 0x00, 0x00, 0x00, 0x02, 0x02, 0x00, 0x00,
};

static const uint8_t vec_stack_ops_code[352] = {
    0xFC, 0xBF, 0x00, 0xA0, 0x04, 0x08, 0xB9, 0x00, 0x00, 0x00, 0x00, 0xB8, 0x03, 0x00, 0x00, 0x00,
    0x88, 0x07, 0x04, 0x07, 0x47, 0x41, 0x81, 0xF9, 0x00, 0x01, 0x00, 0x00, 0x72, 0xF2, 0xB8, 0x78,
    0x56, 0x34, 0x12, 0xB9, 0xF0, 0xDE, 0xBC, 0x9A, 0xBA, 0x0F, 0x0F, 0x0F, 0x0F, 0xBB, 0x00, 0xA0,
    0x04, 0x08, 0xBD, 0x80, 0xA0, 0x04, 0x08, 0xBE, 0x00, 0xA0, 0x04, 0x08, 0xBF, 0x40, 0xA0, 0x04,
    0x08, 0xBC, 0x40, 0xB3, 0x04, 0x08, 0x68, 0x02, 0x02, 0x00, 0x00, 0x9D, 0xE9, 0x00, 0x00, 0x00,
    0x00, 0x68, 0x22, 0x22, 0x11, 0x11, 0x68, 0x44, 0x44, 0x33, 0x33, 0x58, 0x5B, 0x50, 0x53, 0x51,
    0x5A, 0x5E, 0x5F, 0x60, 0xB8, 0x00, 0x00, 0x00, 0x00, 0xB9, 0x00, 0x00, 0x00, 0x00, 0x61, 0xB8,
    0x01, 0x00, 0x00, 0x00, 0x9C, 0x5D, 0x81, 0xE5, 0xD5, 0x0C, 0x00, 0x00, 0x68, 0x01, 0x08, 0x00,
    0x00, 0x9D, 0x0F, 0x90, 0x05, 0x00, 0xA0, 0x04, 0x08, 0x0F, 0x92, 0x05, 0x01, 0xA0, 0x04, 0x08,
    0x66, 0x68, 0x34, 0x12, 0x66, 0x5E, 0x54, 0x5F, 0x89, 0x25, 0x10, 0xA1, 0x04, 0x08, 0xBC, 0x40,
    0xA3, 0x04, 0x08, 0x9C, 0x8F, 0x05, 0x20, 0xA1, 0x04, 0x08, 0xA3, 0x00, 0xA1, 0x04, 0x08, 0x89,
    0x0D, 0x04, 0xA1, 0x04, 0x08, 0x89, 0x15, 0x08, 0xA1, 0x04, 0x08, 0x89, 0x1D, 0x0C, 0xA1, 0x04,
    0x08, 0x89, 0x2D, 0x14, 0xA1, 0x04, 0x08, 0x89, 0x35, 0x18, 0xA1, 0x04, 0x08, 0x89, 0x3D, 0x1C,
    0xA1, 0x04, 0x08, 0xC7, 0x05, 0x24, 0xA1, 0x04, 0x08, 0x00, 0x00, 0x00, 0x00, 0xC7, 0x05, 0x28,
    0xA1, 0x04, 0x08, 0x00, 0x00, 0x00, 0x00, 0xC7, 0x05, 0x2C, 0xA1, 0x04, 0x08, 0x00, 0x00, 0x00,
    0x00, 0x8C, 0x05, 0x24, 0xA1, 0x04, 0x08, 0x8C, 0x0D, 0x26, 0xA1, 0x04, 0x08, 0x8C, 0x15, 0x28,
    0xA1, 0x04, 0x08, 0x8C, 0x1D, 0x2A, 0xA1, 0x04, 0x08, 0x8C, 0x25, 0x2C, 0xA1, 0x04, 0x08, 0x8C,
    0x2D, 0x2E, 0xA1, 0x04, 0x08, 0xB8, 0x04, 0x00, 0x00, 0x00, 0xBB, 0x01, 0x00, 0x00, 0x00, 0xB9,
    0x00, 0xA1, 0x04, 0x08, 0xBA, 0x30, 0x00, 0x00, 0x00, 0xCD, 0x80, 0xB8, 0x04, 0x00, 0x00, 0x00,
    0xBB, 0x01, 0x00, 0x00, 0x00, 0xB9, 0x00, 0xA0, 0x04, 0x08, 0xBA, 0x00, 0x01, 0x00, 0x00, 0xCD,
    0x80, 0xB8, 0x04, 0x00, 0x00, 0x00, 0xBB, 0x01, 0x00, 0x00, 0x00, 0xB9, 0x40, 0xB2, 0x04, 0x08,
    0xBA, 0x00, 0x01, 0x00, 0x00, 0xCD, 0x80, 0xB8, 0x01, 0x00, 0x00, 0x00, 0x31, 0xDB, 0xCD, 0x80,
};
static const uint8_t vec_stack_ops_scratch[256] = {
    0x01, 0x01, 0x11, 0x18, 0x1F, 0x26, 0x2D, 0x34, 0x3B, 0x42, 0x49, 0x50, 0x57, 0x5E, 0x65, 0x6C,
    0x73, 0x7A, 0x81, 0x88, 0x8F, 0x96, 0x9D, 0xA4, 0xAB, 0xB2, 0xB9, 0xC0, 0xC7, 0xCE, 0xD5, 0xDC,
    0xE3, 0xEA, 0xF1, 0xF8, 0xFF, 0x06, 0x0D, 0x14, 0x1B, 0x22, 0x29, 0x30, 0x37, 0x3E, 0x45, 0x4C,
    0x53, 0x5A, 0x61, 0x68, 0x6F, 0x76, 0x7D, 0x84, 0x8B, 0x92, 0x99, 0xA0, 0xA7, 0xAE, 0xB5, 0xBC,
    0xC3, 0xCA, 0xD1, 0xD8, 0xDF, 0xE6, 0xED, 0xF4, 0xFB, 0x02, 0x09, 0x10, 0x17, 0x1E, 0x25, 0x2C,
    0x33, 0x3A, 0x41, 0x48, 0x4F, 0x56, 0x5D, 0x64, 0x6B, 0x72, 0x79, 0x80, 0x87, 0x8E, 0x95, 0x9C,
    0xA3, 0xAA, 0xB1, 0xB8, 0xBF, 0xC6, 0xCD, 0xD4, 0xDB, 0xE2, 0xE9, 0xF0, 0xF7, 0xFE, 0x05, 0x0C,
    0x13, 0x1A, 0x21, 0x28, 0x2F, 0x36, 0x3D, 0x44, 0x4B, 0x52, 0x59, 0x60, 0x67, 0x6E, 0x75, 0x7C,
    0x83, 0x8A, 0x91, 0x98, 0x9F, 0xA6, 0xAD, 0xB4, 0xBB, 0xC2, 0xC9, 0xD0, 0xD7, 0xDE, 0xE5, 0xEC,
    0xF3, 0xFA, 0x01, 0x08, 0x0F, 0x16, 0x1D, 0x24, 0x2B, 0x32, 0x39, 0x40, 0x47, 0x4E, 0x55, 0x5C,
    0x63, 0x6A, 0x71, 0x78, 0x7F, 0x86, 0x8D, 0x94, 0x9B, 0xA2, 0xA9, 0xB0, 0xB7, 0xBE, 0xC5, 0xCC,
    0xD3, 0xDA, 0xE1, 0xE8, 0xEF, 0xF6, 0xFD, 0x04, 0x0B, 0x12, 0x19, 0x20, 0x27, 0x2E, 0x35, 0x3C,
    0x43, 0x4A, 0x51, 0x58, 0x5F, 0x66, 0x6D, 0x74, 0x7B, 0x82, 0x89, 0x90, 0x97, 0x9E, 0xA5, 0xAC,
    0xB3, 0xBA, 0xC1, 0xC8, 0xCF, 0xD6, 0xDD, 0xE4, 0xEB, 0xF2, 0xF9, 0x00, 0x07, 0x0E, 0x15, 0x1C,
    0x23, 0x2A, 0x31, 0x38, 0x3F, 0x46, 0x4D, 0x54, 0x5B, 0x62, 0x69, 0x70, 0x77, 0x7E, 0x85, 0x8C,
    0x93, 0x9A, 0xA1, 0xA8, 0xAF, 0xB6, 0xBD, 0xC4, 0xCB, 0xD2, 0xD9, 0xE0, 0xE7, 0xEE, 0xF5, 0xFC,
};
static const uint8_t vec_stack_ops_stack[256] = {
    0x00, 0x00, 0x00, 0x00, 0x00, 0x00, 0x00, 0x00, 0x00, 0x00, 0x00, 0x00, 0x00, 0x00, 0x00, 0x00,
    0x00, 0x00, 0x00, 0x00, 0x00, 0x00, 0x00, 0x00, 0x00, 0x00, 0x00, 0x00, 0x00, 0x00, 0x00, 0x00,
    0x00, 0x00, 0x00, 0x00, 0x00, 0x00, 0x00, 0x00, 0x00, 0x00, 0x00, 0x00, 0x00, 0x00, 0x00, 0x00,
    0x00, 0x00, 0x00, 0x00, 0x00, 0x00, 0x00, 0x00, 0x00, 0x00, 0x00, 0x00, 0x00, 0x00, 0x00, 0x00,
    0x00, 0x00, 0x00, 0x00, 0x00, 0x00, 0x00, 0x00, 0x00, 0x00, 0x00, 0x00, 0x00, 0x00, 0x00, 0x00,
    0x00, 0x00, 0x00, 0x00, 0x00, 0x00, 0x00, 0x00, 0x00, 0x00, 0x00, 0x00, 0x00, 0x00, 0x00, 0x00,
    0x00, 0x00, 0x00, 0x00, 0x00, 0x00, 0x00, 0x00, 0x00, 0x00, 0x00, 0x00, 0x00, 0x00, 0x00, 0x00,
    0x00, 0x00, 0x00, 0x00, 0x00, 0x00, 0x00, 0x00, 0x00, 0x00, 0x00, 0x00, 0x00, 0x00, 0x00, 0x00,
    0x00, 0x00, 0x00, 0x00, 0x00, 0x00, 0x00, 0x00, 0x00, 0x00, 0x00, 0x00, 0x00, 0x00, 0x00, 0x00,
    0x00, 0x00, 0x00, 0x00, 0x00, 0x00, 0x00, 0x00, 0x00, 0x00, 0x00, 0x00, 0x00, 0x00, 0x00, 0x00,
    0x00, 0x00, 0x00, 0x00, 0x00, 0x00, 0x00, 0x00, 0x00, 0x00, 0x00, 0x00, 0x00, 0x00, 0x00, 0x00,
    0x00, 0x00, 0x00, 0x00, 0x00, 0x00, 0x00, 0x00, 0x00, 0x00, 0x00, 0x00, 0x00, 0x00, 0x00, 0x00,
    0x00, 0x00, 0x00, 0x00, 0x00, 0x00, 0x00, 0x00, 0x00, 0x00, 0x00, 0x00, 0x00, 0x00, 0x00, 0x00,
    0x00, 0x00, 0x00, 0x00, 0x00, 0x00, 0x00, 0x00, 0x00, 0x00, 0x00, 0x00, 0x00, 0x00, 0x00, 0x00,
    0x44, 0x44, 0x33, 0x33, 0x22, 0x22, 0x11, 0x11, 0x80, 0xA0, 0x04, 0x08, 0x40, 0xB3, 0x04, 0x08,
    0x22, 0x22, 0x11, 0x11, 0xF0, 0xDE, 0xBC, 0x9A, 0xF0, 0xDE, 0xBC, 0x9A, 0x40, 0xB3, 0x04, 0x08,
};

static const uint8_t vec_string_movs_code[348] = {
    0xFC, 0xBF, 0x00, 0xA0, 0x04, 0x08, 0xB9, 0x00, 0x00, 0x00, 0x00, 0xB8, 0x03, 0x00, 0x00, 0x00,
    0x88, 0x07, 0x04, 0x07, 0x47, 0x41, 0x81, 0xF9, 0x00, 0x01, 0x00, 0x00, 0x72, 0xF2, 0xB8, 0x78,
    0x56, 0x34, 0x12, 0xB9, 0xF0, 0xDE, 0xBC, 0x9A, 0xBA, 0x0F, 0x0F, 0x0F, 0x0F, 0xBB, 0x00, 0xA0,
    0x04, 0x08, 0xBD, 0x80, 0xA0, 0x04, 0x08, 0xBE, 0x00, 0xA0, 0x04, 0x08, 0xBF, 0x40, 0xA0, 0x04,
    0x08, 0xBC, 0x40, 0xB3, 0x04, 0x08, 0x68, 0x02, 0x02, 0x00, 0x00, 0x9D, 0xE9, 0x00, 0x00, 0x00,
    0x00, 0xFC, 0xBE, 0x00, 0xA0, 0x04, 0x08, 0xBF, 0x80, 0xA0, 0x04, 0x08, 0xB9, 0x10, 0x00, 0x00,
    0x00, 0xF3, 0xA4, 0xBE, 0x00, 0xA0, 0x04, 0x08, 0xBF, 0xA0, 0xA0, 0x04, 0x08, 0xB9, 0x04, 0x00,
    0x00, 0x00, 0xF3, 0xA5, 0xFD, 0xBE, 0x0F, 0xA0, 0x04, 0x08, 0xBF, 0xCF, 0xA0, 0x04, 0x08, 0xB9,
    0x08, 0x00, 0x00, 0x00, 0xF3, 0xA4, 0xFC, 0xBE, 0x20, 0xA0, 0x04, 0x08, 0xBF, 0xE0, 0xA0, 0x04,
    0x08, 0x66, 0xA5, 0xA4, 0x89, 0x25, 0x10, 0xA1, 0x04, 0x08, 0xBC, 0x40, 0xA3, 0x04, 0x08, 0x9C,
    0x8F, 0x05, 0x20, 0xA1, 0x04, 0x08, 0xA3, 0x00, 0xA1, 0x04, 0x08, 0x89, 0x0D, 0x04, 0xA1, 0x04,
    0x08, 0x89, 0x15, 0x08, 0xA1, 0x04, 0x08, 0x89, 0x1D, 0x0C, 0xA1, 0x04, 0x08, 0x89, 0x2D, 0x14,
    0xA1, 0x04, 0x08, 0x89, 0x35, 0x18, 0xA1, 0x04, 0x08, 0x89, 0x3D, 0x1C, 0xA1, 0x04, 0x08, 0xC7,
    0x05, 0x24, 0xA1, 0x04, 0x08, 0x00, 0x00, 0x00, 0x00, 0xC7, 0x05, 0x28, 0xA1, 0x04, 0x08, 0x00,
    0x00, 0x00, 0x00, 0xC7, 0x05, 0x2C, 0xA1, 0x04, 0x08, 0x00, 0x00, 0x00, 0x00, 0x8C, 0x05, 0x24,
    0xA1, 0x04, 0x08, 0x8C, 0x0D, 0x26, 0xA1, 0x04, 0x08, 0x8C, 0x15, 0x28, 0xA1, 0x04, 0x08, 0x8C,
    0x1D, 0x2A, 0xA1, 0x04, 0x08, 0x8C, 0x25, 0x2C, 0xA1, 0x04, 0x08, 0x8C, 0x2D, 0x2E, 0xA1, 0x04,
    0x08, 0xB8, 0x04, 0x00, 0x00, 0x00, 0xBB, 0x01, 0x00, 0x00, 0x00, 0xB9, 0x00, 0xA1, 0x04, 0x08,
    0xBA, 0x30, 0x00, 0x00, 0x00, 0xCD, 0x80, 0xB8, 0x04, 0x00, 0x00, 0x00, 0xBB, 0x01, 0x00, 0x00,
    0x00, 0xB9, 0x00, 0xA0, 0x04, 0x08, 0xBA, 0x00, 0x01, 0x00, 0x00, 0xCD, 0x80, 0xB8, 0x04, 0x00,
    0x00, 0x00, 0xBB, 0x01, 0x00, 0x00, 0x00, 0xB9, 0x40, 0xB2, 0x04, 0x08, 0xBA, 0x00, 0x01, 0x00,
    0x00, 0xCD, 0x80, 0xB8, 0x01, 0x00, 0x00, 0x00, 0x31, 0xDB, 0xCD, 0x80,
};
static const uint8_t vec_string_movs_scratch[256] = {
    0x03, 0x0A, 0x11, 0x18, 0x1F, 0x26, 0x2D, 0x34, 0x3B, 0x42, 0x49, 0x50, 0x57, 0x5E, 0x65, 0x6C,
    0x73, 0x7A, 0x81, 0x88, 0x8F, 0x96, 0x9D, 0xA4, 0xAB, 0xB2, 0xB9, 0xC0, 0xC7, 0xCE, 0xD5, 0xDC,
    0xE3, 0xEA, 0xF1, 0xF8, 0xFF, 0x06, 0x0D, 0x14, 0x1B, 0x22, 0x29, 0x30, 0x37, 0x3E, 0x45, 0x4C,
    0x53, 0x5A, 0x61, 0x68, 0x6F, 0x76, 0x7D, 0x84, 0x8B, 0x92, 0x99, 0xA0, 0xA7, 0xAE, 0xB5, 0xBC,
    0xC3, 0xCA, 0xD1, 0xD8, 0xDF, 0xE6, 0xED, 0xF4, 0xFB, 0x02, 0x09, 0x10, 0x17, 0x1E, 0x25, 0x2C,
    0x33, 0x3A, 0x41, 0x48, 0x4F, 0x56, 0x5D, 0x64, 0x6B, 0x72, 0x79, 0x80, 0x87, 0x8E, 0x95, 0x9C,
    0xA3, 0xAA, 0xB1, 0xB8, 0xBF, 0xC6, 0xCD, 0xD4, 0xDB, 0xE2, 0xE9, 0xF0, 0xF7, 0xFE, 0x05, 0x0C,
    0x13, 0x1A, 0x21, 0x28, 0x2F, 0x36, 0x3D, 0x44, 0x4B, 0x52, 0x59, 0x60, 0x67, 0x6E, 0x75, 0x7C,
    0x03, 0x0A, 0x11, 0x18, 0x1F, 0x26, 0x2D, 0x34, 0x3B, 0x42, 0x49, 0x50, 0x57, 0x5E, 0x65, 0x6C,
    0xF3, 0xFA, 0x01, 0x08, 0x0F, 0x16, 0x1D, 0x24, 0x2B, 0x32, 0x39, 0x40, 0x47, 0x4E, 0x55, 0x5C,
    0x03, 0x0A, 0x11, 0x18, 0x1F, 0x26, 0x2D, 0x34, 0x3B, 0x42, 0x49, 0x50, 0x57, 0x5E, 0x65, 0x6C,
    0xD3, 0xDA, 0xE1, 0xE8, 0xEF, 0xF6, 0xFD, 0x04, 0x0B, 0x12, 0x19, 0x20, 0x27, 0x2E, 0x35, 0x3C,
    0x43, 0x4A, 0x51, 0x58, 0x5F, 0x66, 0x6D, 0x74, 0x3B, 0x42, 0x49, 0x50, 0x57, 0x5E, 0x65, 0x6C,
    0xB3, 0xBA, 0xC1, 0xC8, 0xCF, 0xD6, 0xDD, 0xE4, 0xEB, 0xF2, 0xF9, 0x00, 0x07, 0x0E, 0x15, 0x1C,
    0xE3, 0xEA, 0xF1, 0x38, 0x3F, 0x46, 0x4D, 0x54, 0x5B, 0x62, 0x69, 0x70, 0x77, 0x7E, 0x85, 0x8C,
    0x93, 0x9A, 0xA1, 0xA8, 0xAF, 0xB6, 0xBD, 0xC4, 0xCB, 0xD2, 0xD9, 0xE0, 0xE7, 0xEE, 0xF5, 0xFC,
};
static const uint8_t vec_string_movs_stack[256] = {
    0x00, 0x00, 0x00, 0x00, 0x00, 0x00, 0x00, 0x00, 0x00, 0x00, 0x00, 0x00, 0x00, 0x00, 0x00, 0x00,
    0x00, 0x00, 0x00, 0x00, 0x00, 0x00, 0x00, 0x00, 0x00, 0x00, 0x00, 0x00, 0x00, 0x00, 0x00, 0x00,
    0x00, 0x00, 0x00, 0x00, 0x00, 0x00, 0x00, 0x00, 0x00, 0x00, 0x00, 0x00, 0x00, 0x00, 0x00, 0x00,
    0x00, 0x00, 0x00, 0x00, 0x00, 0x00, 0x00, 0x00, 0x00, 0x00, 0x00, 0x00, 0x00, 0x00, 0x00, 0x00,
    0x00, 0x00, 0x00, 0x00, 0x00, 0x00, 0x00, 0x00, 0x00, 0x00, 0x00, 0x00, 0x00, 0x00, 0x00, 0x00,
    0x00, 0x00, 0x00, 0x00, 0x00, 0x00, 0x00, 0x00, 0x00, 0x00, 0x00, 0x00, 0x00, 0x00, 0x00, 0x00,
    0x00, 0x00, 0x00, 0x00, 0x00, 0x00, 0x00, 0x00, 0x00, 0x00, 0x00, 0x00, 0x00, 0x00, 0x00, 0x00,
    0x00, 0x00, 0x00, 0x00, 0x00, 0x00, 0x00, 0x00, 0x00, 0x00, 0x00, 0x00, 0x00, 0x00, 0x00, 0x00,
    0x00, 0x00, 0x00, 0x00, 0x00, 0x00, 0x00, 0x00, 0x00, 0x00, 0x00, 0x00, 0x00, 0x00, 0x00, 0x00,
    0x00, 0x00, 0x00, 0x00, 0x00, 0x00, 0x00, 0x00, 0x00, 0x00, 0x00, 0x00, 0x00, 0x00, 0x00, 0x00,
    0x00, 0x00, 0x00, 0x00, 0x00, 0x00, 0x00, 0x00, 0x00, 0x00, 0x00, 0x00, 0x00, 0x00, 0x00, 0x00,
    0x00, 0x00, 0x00, 0x00, 0x00, 0x00, 0x00, 0x00, 0x00, 0x00, 0x00, 0x00, 0x00, 0x00, 0x00, 0x00,
    0x00, 0x00, 0x00, 0x00, 0x00, 0x00, 0x00, 0x00, 0x00, 0x00, 0x00, 0x00, 0x00, 0x00, 0x00, 0x00,
    0x00, 0x00, 0x00, 0x00, 0x00, 0x00, 0x00, 0x00, 0x00, 0x00, 0x00, 0x00, 0x00, 0x00, 0x00, 0x00,
    0x00, 0x00, 0x00, 0x00, 0x00, 0x00, 0x00, 0x00, 0x00, 0x00, 0x00, 0x00, 0x00, 0x00, 0x00, 0x00,
    0x00, 0x00, 0x00, 0x00, 0x00, 0x00, 0x00, 0x00, 0x00, 0x00, 0x00, 0x00, 0x02, 0x02, 0x00, 0x00,
};

static const uint8_t vec_string_scas_cmps_code[364] = {
    0xFC, 0xBF, 0x00, 0xA0, 0x04, 0x08, 0xB9, 0x00, 0x00, 0x00, 0x00, 0xB8, 0x03, 0x00, 0x00, 0x00,
    0x88, 0x07, 0x04, 0x07, 0x47, 0x41, 0x81, 0xF9, 0x00, 0x01, 0x00, 0x00, 0x72, 0xF2, 0xB8, 0x78,
    0x56, 0x34, 0x12, 0xB9, 0xF0, 0xDE, 0xBC, 0x9A, 0xBA, 0x0F, 0x0F, 0x0F, 0x0F, 0xBB, 0x00, 0xA0,
    0x04, 0x08, 0xBD, 0x80, 0xA0, 0x04, 0x08, 0xBE, 0x00, 0xA0, 0x04, 0x08, 0xBF, 0x40, 0xA0, 0x04,
    0x08, 0xBC, 0x40, 0xB3, 0x04, 0x08, 0x68, 0x02, 0x02, 0x00, 0x00, 0x9D, 0xE9, 0x00, 0x00, 0x00,
    0x00, 0xFC, 0xBE, 0x00, 0xA0, 0x04, 0x08, 0xBF, 0x00, 0xA0, 0x04, 0x08, 0xB9, 0x20, 0x00, 0x00,
    0x00, 0xF3, 0xA6, 0x0F, 0x94, 0x05, 0xF0, 0xA0, 0x04, 0x08, 0x89, 0x0D, 0xF4, 0xA0, 0x04, 0x08,
    0xBE, 0x00, 0xA0, 0x04, 0x08, 0xBF, 0x10, 0xA0, 0x04, 0x08, 0xB9, 0x20, 0x00, 0x00, 0x00, 0xF3,
    0xA6, 0x0F, 0x94, 0x05, 0xF8, 0xA0, 0x04, 0x08, 0xB0, 0x1F, 0xBF, 0x00, 0xA0, 0x04, 0x08, 0xB9,
    0x40, 0x00, 0x00, 0x00, 0xF2, 0xAE, 0x89, 0x0D, 0xFC, 0xA0, 0x04, 0x08, 0x89, 0xFD, 0x81, 0xED,
    0x00, 0xA0, 0x04, 0x08, 0x89, 0x25, 0x10, 0xA1, 0x04, 0x08, 0xBC, 0x40, 0xA3, 0x04, 0x08, 0x9C,
    0x8F, 0x05, 0x20, 0xA1, 0x04, 0x08, 0xA3, 0x00, 0xA1, 0x04, 0x08, 0x89, 0x0D, 0x04, 0xA1, 0x04,
    0x08, 0x89, 0x15, 0x08, 0xA1, 0x04, 0x08, 0x89, 0x1D, 0x0C, 0xA1, 0x04, 0x08, 0x89, 0x2D, 0x14,
    0xA1, 0x04, 0x08, 0x89, 0x35, 0x18, 0xA1, 0x04, 0x08, 0x89, 0x3D, 0x1C, 0xA1, 0x04, 0x08, 0xC7,
    0x05, 0x24, 0xA1, 0x04, 0x08, 0x00, 0x00, 0x00, 0x00, 0xC7, 0x05, 0x28, 0xA1, 0x04, 0x08, 0x00,
    0x00, 0x00, 0x00, 0xC7, 0x05, 0x2C, 0xA1, 0x04, 0x08, 0x00, 0x00, 0x00, 0x00, 0x8C, 0x05, 0x24,
    0xA1, 0x04, 0x08, 0x8C, 0x0D, 0x26, 0xA1, 0x04, 0x08, 0x8C, 0x15, 0x28, 0xA1, 0x04, 0x08, 0x8C,
    0x1D, 0x2A, 0xA1, 0x04, 0x08, 0x8C, 0x25, 0x2C, 0xA1, 0x04, 0x08, 0x8C, 0x2D, 0x2E, 0xA1, 0x04,
    0x08, 0xB8, 0x04, 0x00, 0x00, 0x00, 0xBB, 0x01, 0x00, 0x00, 0x00, 0xB9, 0x00, 0xA1, 0x04, 0x08,
    0xBA, 0x30, 0x00, 0x00, 0x00, 0xCD, 0x80, 0xB8, 0x04, 0x00, 0x00, 0x00, 0xBB, 0x01, 0x00, 0x00,
    0x00, 0xB9, 0x00, 0xA0, 0x04, 0x08, 0xBA, 0x00, 0x01, 0x00, 0x00, 0xCD, 0x80, 0xB8, 0x04, 0x00,
    0x00, 0x00, 0xBB, 0x01, 0x00, 0x00, 0x00, 0xB9, 0x40, 0xB2, 0x04, 0x08, 0xBA, 0x00, 0x01, 0x00,
    0x00, 0xCD, 0x80, 0xB8, 0x01, 0x00, 0x00, 0x00, 0x31, 0xDB, 0xCD, 0x80,
};
static const uint8_t vec_string_scas_cmps_scratch[256] = {
    0x03, 0x0A, 0x11, 0x18, 0x1F, 0x26, 0x2D, 0x34, 0x3B, 0x42, 0x49, 0x50, 0x57, 0x5E, 0x65, 0x6C,
    0x73, 0x7A, 0x81, 0x88, 0x8F, 0x96, 0x9D, 0xA4, 0xAB, 0xB2, 0xB9, 0xC0, 0xC7, 0xCE, 0xD5, 0xDC,
    0xE3, 0xEA, 0xF1, 0xF8, 0xFF, 0x06, 0x0D, 0x14, 0x1B, 0x22, 0x29, 0x30, 0x37, 0x3E, 0x45, 0x4C,
    0x53, 0x5A, 0x61, 0x68, 0x6F, 0x76, 0x7D, 0x84, 0x8B, 0x92, 0x99, 0xA0, 0xA7, 0xAE, 0xB5, 0xBC,
    0xC3, 0xCA, 0xD1, 0xD8, 0xDF, 0xE6, 0xED, 0xF4, 0xFB, 0x02, 0x09, 0x10, 0x17, 0x1E, 0x25, 0x2C,
    0x33, 0x3A, 0x41, 0x48, 0x4F, 0x56, 0x5D, 0x64, 0x6B, 0x72, 0x79, 0x80, 0x87, 0x8E, 0x95, 0x9C,
    0xA3, 0xAA, 0xB1, 0xB8, 0xBF, 0xC6, 0xCD, 0xD4, 0xDB, 0xE2, 0xE9, 0xF0, 0xF7, 0xFE, 0x05, 0x0C,
    0x13, 0x1A, 0x21, 0x28, 0x2F, 0x36, 0x3D, 0x44, 0x4B, 0x52, 0x59, 0x60, 0x67, 0x6E, 0x75, 0x7C,
    0x83, 0x8A, 0x91, 0x98, 0x9F, 0xA6, 0xAD, 0xB4, 0xBB, 0xC2, 0xC9, 0xD0, 0xD7, 0xDE, 0xE5, 0xEC,
    0xF3, 0xFA, 0x01, 0x08, 0x0F, 0x16, 0x1D, 0x24, 0x2B, 0x32, 0x39, 0x40, 0x47, 0x4E, 0x55, 0x5C,
    0x63, 0x6A, 0x71, 0x78, 0x7F, 0x86, 0x8D, 0x94, 0x9B, 0xA2, 0xA9, 0xB0, 0xB7, 0xBE, 0xC5, 0xCC,
    0xD3, 0xDA, 0xE1, 0xE8, 0xEF, 0xF6, 0xFD, 0x04, 0x0B, 0x12, 0x19, 0x20, 0x27, 0x2E, 0x35, 0x3C,
    0x43, 0x4A, 0x51, 0x58, 0x5F, 0x66, 0x6D, 0x74, 0x7B, 0x82, 0x89, 0x90, 0x97, 0x9E, 0xA5, 0xAC,
    0xB3, 0xBA, 0xC1, 0xC8, 0xCF, 0xD6, 0xDD, 0xE4, 0xEB, 0xF2, 0xF9, 0x00, 0x07, 0x0E, 0x15, 0x1C,
    0x23, 0x2A, 0x31, 0x38, 0x3F, 0x46, 0x4D, 0x54, 0x5B, 0x62, 0x69, 0x70, 0x77, 0x7E, 0x85, 0x8C,
    0x01, 0x9A, 0xA1, 0xA8, 0x00, 0x00, 0x00, 0x00, 0x00, 0xD2, 0xD9, 0xE0, 0x3B, 0x00, 0x00, 0x00,
};
static const uint8_t vec_string_scas_cmps_stack[256] = {
    0x00, 0x00, 0x00, 0x00, 0x00, 0x00, 0x00, 0x00, 0x00, 0x00, 0x00, 0x00, 0x00, 0x00, 0x00, 0x00,
    0x00, 0x00, 0x00, 0x00, 0x00, 0x00, 0x00, 0x00, 0x00, 0x00, 0x00, 0x00, 0x00, 0x00, 0x00, 0x00,
    0x00, 0x00, 0x00, 0x00, 0x00, 0x00, 0x00, 0x00, 0x00, 0x00, 0x00, 0x00, 0x00, 0x00, 0x00, 0x00,
    0x00, 0x00, 0x00, 0x00, 0x00, 0x00, 0x00, 0x00, 0x00, 0x00, 0x00, 0x00, 0x00, 0x00, 0x00, 0x00,
    0x00, 0x00, 0x00, 0x00, 0x00, 0x00, 0x00, 0x00, 0x00, 0x00, 0x00, 0x00, 0x00, 0x00, 0x00, 0x00,
    0x00, 0x00, 0x00, 0x00, 0x00, 0x00, 0x00, 0x00, 0x00, 0x00, 0x00, 0x00, 0x00, 0x00, 0x00, 0x00,
    0x00, 0x00, 0x00, 0x00, 0x00, 0x00, 0x00, 0x00, 0x00, 0x00, 0x00, 0x00, 0x00, 0x00, 0x00, 0x00,
    0x00, 0x00, 0x00, 0x00, 0x00, 0x00, 0x00, 0x00, 0x00, 0x00, 0x00, 0x00, 0x00, 0x00, 0x00, 0x00,
    0x00, 0x00, 0x00, 0x00, 0x00, 0x00, 0x00, 0x00, 0x00, 0x00, 0x00, 0x00, 0x00, 0x00, 0x00, 0x00,
    0x00, 0x00, 0x00, 0x00, 0x00, 0x00, 0x00, 0x00, 0x00, 0x00, 0x00, 0x00, 0x00, 0x00, 0x00, 0x00,
    0x00, 0x00, 0x00, 0x00, 0x00, 0x00, 0x00, 0x00, 0x00, 0x00, 0x00, 0x00, 0x00, 0x00, 0x00, 0x00,
    0x00, 0x00, 0x00, 0x00, 0x00, 0x00, 0x00, 0x00, 0x00, 0x00, 0x00, 0x00, 0x00, 0x00, 0x00, 0x00,
    0x00, 0x00, 0x00, 0x00, 0x00, 0x00, 0x00, 0x00, 0x00, 0x00, 0x00, 0x00, 0x00, 0x00, 0x00, 0x00,
    0x00, 0x00, 0x00, 0x00, 0x00, 0x00, 0x00, 0x00, 0x00, 0x00, 0x00, 0x00, 0x00, 0x00, 0x00, 0x00,
    0x00, 0x00, 0x00, 0x00, 0x00, 0x00, 0x00, 0x00, 0x00, 0x00, 0x00, 0x00, 0x00, 0x00, 0x00, 0x00,
    0x00, 0x00, 0x00, 0x00, 0x00, 0x00, 0x00, 0x00, 0x00, 0x00, 0x00, 0x00, 0x02, 0x02, 0x00, 0x00,
};

static const uint8_t vec_string_stos_lods_code[347] = {
    0xFC, 0xBF, 0x00, 0xA0, 0x04, 0x08, 0xB9, 0x00, 0x00, 0x00, 0x00, 0xB8, 0x03, 0x00, 0x00, 0x00,
    0x88, 0x07, 0x04, 0x07, 0x47, 0x41, 0x81, 0xF9, 0x00, 0x01, 0x00, 0x00, 0x72, 0xF2, 0xB8, 0x78,
    0x56, 0x34, 0x12, 0xB9, 0xF0, 0xDE, 0xBC, 0x9A, 0xBA, 0x0F, 0x0F, 0x0F, 0x0F, 0xBB, 0x00, 0xA0,
    0x04, 0x08, 0xBD, 0x80, 0xA0, 0x04, 0x08, 0xBE, 0x00, 0xA0, 0x04, 0x08, 0xBF, 0x40, 0xA0, 0x04,
    0x08, 0xBC, 0x40, 0xB3, 0x04, 0x08, 0x68, 0x02, 0x02, 0x00, 0x00, 0x9D, 0xE9, 0x00, 0x00, 0x00,
    0x00, 0xFC, 0xBF, 0x40, 0xA0, 0x04, 0x08, 0xB8, 0xDD, 0xCC, 0xBB, 0xAA, 0xB9, 0x04, 0x00, 0x00,
    0x00, 0xF3, 0xAB, 0xBF, 0x60, 0xA0, 0x04, 0x08, 0xB0, 0x5A, 0xB9, 0x0A, 0x00, 0x00, 0x00, 0xF3,
    0xAA, 0xBE, 0x04, 0xA0, 0x04, 0x08, 0xAD, 0xA3, 0xF0, 0xA0, 0x04, 0x08, 0xAC, 0xA2, 0xF4, 0xA0,
    0x04, 0x08, 0xBF, 0x80, 0xA0, 0x04, 0x08, 0xB9, 0x00, 0x00, 0x00, 0x00, 0xB8, 0xFF, 0xFF, 0xFF,
    0xFF, 0xF3, 0xAB, 0x89, 0x25, 0x10, 0xA1, 0x04, 0x08, 0xBC, 0x40, 0xA3, 0x04, 0x08, 0x9C, 0x8F,
    0x05, 0x20, 0xA1, 0x04, 0x08, 0xA3, 0x00, 0xA1, 0x04, 0x08, 0x89, 0x0D, 0x04, 0xA1, 0x04, 0x08,
    0x89, 0x15, 0x08, 0xA1, 0x04, 0x08, 0x89, 0x1D, 0x0C, 0xA1, 0x04, 0x08, 0x89, 0x2D, 0x14, 0xA1,
    0x04, 0x08, 0x89, 0x35, 0x18, 0xA1, 0x04, 0x08, 0x89, 0x3D, 0x1C, 0xA1, 0x04, 0x08, 0xC7, 0x05,
    0x24, 0xA1, 0x04, 0x08, 0x00, 0x00, 0x00, 0x00, 0xC7, 0x05, 0x28, 0xA1, 0x04, 0x08, 0x00, 0x00,
    0x00, 0x00, 0xC7, 0x05, 0x2C, 0xA1, 0x04, 0x08, 0x00, 0x00, 0x00, 0x00, 0x8C, 0x05, 0x24, 0xA1,
    0x04, 0x08, 0x8C, 0x0D, 0x26, 0xA1, 0x04, 0x08, 0x8C, 0x15, 0x28, 0xA1, 0x04, 0x08, 0x8C, 0x1D,
    0x2A, 0xA1, 0x04, 0x08, 0x8C, 0x25, 0x2C, 0xA1, 0x04, 0x08, 0x8C, 0x2D, 0x2E, 0xA1, 0x04, 0x08,
    0xB8, 0x04, 0x00, 0x00, 0x00, 0xBB, 0x01, 0x00, 0x00, 0x00, 0xB9, 0x00, 0xA1, 0x04, 0x08, 0xBA,
    0x30, 0x00, 0x00, 0x00, 0xCD, 0x80, 0xB8, 0x04, 0x00, 0x00, 0x00, 0xBB, 0x01, 0x00, 0x00, 0x00,
    0xB9, 0x00, 0xA0, 0x04, 0x08, 0xBA, 0x00, 0x01, 0x00, 0x00, 0xCD, 0x80, 0xB8, 0x04, 0x00, 0x00,
    0x00, 0xBB, 0x01, 0x00, 0x00, 0x00, 0xB9, 0x40, 0xB2, 0x04, 0x08, 0xBA, 0x00, 0x01, 0x00, 0x00,
    0xCD, 0x80, 0xB8, 0x01, 0x00, 0x00, 0x00, 0x31, 0xDB, 0xCD, 0x80,
};
static const uint8_t vec_string_stos_lods_scratch[256] = {
    0x03, 0x0A, 0x11, 0x18, 0x1F, 0x26, 0x2D, 0x34, 0x3B, 0x42, 0x49, 0x50, 0x57, 0x5E, 0x65, 0x6C,
    0x73, 0x7A, 0x81, 0x88, 0x8F, 0x96, 0x9D, 0xA4, 0xAB, 0xB2, 0xB9, 0xC0, 0xC7, 0xCE, 0xD5, 0xDC,
    0xE3, 0xEA, 0xF1, 0xF8, 0xFF, 0x06, 0x0D, 0x14, 0x1B, 0x22, 0x29, 0x30, 0x37, 0x3E, 0x45, 0x4C,
    0x53, 0x5A, 0x61, 0x68, 0x6F, 0x76, 0x7D, 0x84, 0x8B, 0x92, 0x99, 0xA0, 0xA7, 0xAE, 0xB5, 0xBC,
    0xDD, 0xCC, 0xBB, 0xAA, 0xDD, 0xCC, 0xBB, 0xAA, 0xDD, 0xCC, 0xBB, 0xAA, 0xDD, 0xCC, 0xBB, 0xAA,
    0x33, 0x3A, 0x41, 0x48, 0x4F, 0x56, 0x5D, 0x64, 0x6B, 0x72, 0x79, 0x80, 0x87, 0x8E, 0x95, 0x9C,
    0x5A, 0x5A, 0x5A, 0x5A, 0x5A, 0x5A, 0x5A, 0x5A, 0x5A, 0x5A, 0xE9, 0xF0, 0xF7, 0xFE, 0x05, 0x0C,
    0x13, 0x1A, 0x21, 0x28, 0x2F, 0x36, 0x3D, 0x44, 0x4B, 0x52, 0x59, 0x60, 0x67, 0x6E, 0x75, 0x7C,
    0x83, 0x8A, 0x91, 0x98, 0x9F, 0xA6, 0xAD, 0xB4, 0xBB, 0xC2, 0xC9, 0xD0, 0xD7, 0xDE, 0xE5, 0xEC,
    0xF3, 0xFA, 0x01, 0x08, 0x0F, 0x16, 0x1D, 0x24, 0x2B, 0x32, 0x39, 0x40, 0x47, 0x4E, 0x55, 0x5C,
    0x63, 0x6A, 0x71, 0x78, 0x7F, 0x86, 0x8D, 0x94, 0x9B, 0xA2, 0xA9, 0xB0, 0xB7, 0xBE, 0xC5, 0xCC,
    0xD3, 0xDA, 0xE1, 0xE8, 0xEF, 0xF6, 0xFD, 0x04, 0x0B, 0x12, 0x19, 0x20, 0x27, 0x2E, 0x35, 0x3C,
    0x43, 0x4A, 0x51, 0x58, 0x5F, 0x66, 0x6D, 0x74, 0x7B, 0x82, 0x89, 0x90, 0x97, 0x9E, 0xA5, 0xAC,
    0xB3, 0xBA, 0xC1, 0xC8, 0xCF, 0xD6, 0xDD, 0xE4, 0xEB, 0xF2, 0xF9, 0x00, 0x07, 0x0E, 0x15, 0x1C,
    0x23, 0x2A, 0x31, 0x38, 0x3F, 0x46, 0x4D, 0x54, 0x5B, 0x62, 0x69, 0x70, 0x77, 0x7E, 0x85, 0x8C,
    0x1F, 0x26, 0x2D, 0x34, 0x3B, 0xB6, 0xBD, 0xC4, 0xCB, 0xD2, 0xD9, 0xE0, 0xE7, 0xEE, 0xF5, 0xFC,
};
static const uint8_t vec_string_stos_lods_stack[256] = {
    0x00, 0x00, 0x00, 0x00, 0x00, 0x00, 0x00, 0x00, 0x00, 0x00, 0x00, 0x00, 0x00, 0x00, 0x00, 0x00,
    0x00, 0x00, 0x00, 0x00, 0x00, 0x00, 0x00, 0x00, 0x00, 0x00, 0x00, 0x00, 0x00, 0x00, 0x00, 0x00,
    0x00, 0x00, 0x00, 0x00, 0x00, 0x00, 0x00, 0x00, 0x00, 0x00, 0x00, 0x00, 0x00, 0x00, 0x00, 0x00,
    0x00, 0x00, 0x00, 0x00, 0x00, 0x00, 0x00, 0x00, 0x00, 0x00, 0x00, 0x00, 0x00, 0x00, 0x00, 0x00,
    0x00, 0x00, 0x00, 0x00, 0x00, 0x00, 0x00, 0x00, 0x00, 0x00, 0x00, 0x00, 0x00, 0x00, 0x00, 0x00,
    0x00, 0x00, 0x00, 0x00, 0x00, 0x00, 0x00, 0x00, 0x00, 0x00, 0x00, 0x00, 0x00, 0x00, 0x00, 0x00,
    0x00, 0x00, 0x00, 0x00, 0x00, 0x00, 0x00, 0x00, 0x00, 0x00, 0x00, 0x00, 0x00, 0x00, 0x00, 0x00,
    0x00, 0x00, 0x00, 0x00, 0x00, 0x00, 0x00, 0x00, 0x00, 0x00, 0x00, 0x00, 0x00, 0x00, 0x00, 0x00,
    0x00, 0x00, 0x00, 0x00, 0x00, 0x00, 0x00, 0x00, 0x00, 0x00, 0x00, 0x00, 0x00, 0x00, 0x00, 0x00,
    0x00, 0x00, 0x00, 0x00, 0x00, 0x00, 0x00, 0x00, 0x00, 0x00, 0x00, 0x00, 0x00, 0x00, 0x00, 0x00,
    0x00, 0x00, 0x00, 0x00, 0x00, 0x00, 0x00, 0x00, 0x00, 0x00, 0x00, 0x00, 0x00, 0x00, 0x00, 0x00,
    0x00, 0x00, 0x00, 0x00, 0x00, 0x00, 0x00, 0x00, 0x00, 0x00, 0x00, 0x00, 0x00, 0x00, 0x00, 0x00,
    0x00, 0x00, 0x00, 0x00, 0x00, 0x00, 0x00, 0x00, 0x00, 0x00, 0x00, 0x00, 0x00, 0x00, 0x00, 0x00,
    0x00, 0x00, 0x00, 0x00, 0x00, 0x00, 0x00, 0x00, 0x00, 0x00, 0x00, 0x00, 0x00, 0x00, 0x00, 0x00,
    0x00, 0x00, 0x00, 0x00, 0x00, 0x00, 0x00, 0x00, 0x00, 0x00, 0x00, 0x00, 0x00, 0x00, 0x00, 0x00,
    0x00, 0x00, 0x00, 0x00, 0x00, 0x00, 0x00, 0x00, 0x00, 0x00, 0x00, 0x00, 0x02, 0x02, 0x00, 0x00,
};

static const uint8_t vec_xchg_xadd_cmpxchg_code[421] = {
    0xFC, 0xBF, 0x00, 0xA0, 0x04, 0x08, 0xB9, 0x00, 0x00, 0x00, 0x00, 0xB8, 0x03, 0x00, 0x00, 0x00,
    0x88, 0x07, 0x04, 0x07, 0x47, 0x41, 0x81, 0xF9, 0x00, 0x01, 0x00, 0x00, 0x72, 0xF2, 0xB8, 0x78,
    0x56, 0x34, 0x12, 0xB9, 0xF0, 0xDE, 0xBC, 0x9A, 0xBA, 0x0F, 0x0F, 0x0F, 0x0F, 0xBB, 0x00, 0xA0,
    0x04, 0x08, 0xBD, 0x80, 0xA0, 0x04, 0x08, 0xBE, 0x00, 0xA0, 0x04, 0x08, 0xBF, 0x40, 0xA0, 0x04,
    0x08, 0xBC, 0x40, 0xB3, 0x04, 0x08, 0x68, 0x02, 0x02, 0x00, 0x00, 0x9D, 0xE9, 0x00, 0x00, 0x00,
    0x00, 0xB8, 0x11, 0x11, 0x11, 0x11, 0xBB, 0x22, 0x22, 0x22, 0x22, 0x93, 0xA3, 0x00, 0xA0, 0x04,
    0x08, 0x89, 0x1D, 0x04, 0xA0, 0x04, 0x08, 0xB9, 0x33, 0x33, 0x33, 0x33, 0x87, 0x0D, 0x08, 0xA0,
    0x04, 0x08, 0x89, 0x0D, 0x0C, 0xA0, 0x04, 0x08, 0xB8, 0x05, 0x00, 0x00, 0x00, 0xBA, 0x07, 0x00,
    0x00, 0x00, 0x0F, 0xC1, 0xC2, 0xA3, 0x10, 0xA0, 0x04, 0x08, 0x89, 0x15, 0x14, 0xA0, 0x04, 0x08,
    0xC7, 0x05, 0x18, 0xA0, 0x04, 0x08, 0x44, 0x44, 0x44, 0x44, 0xB8, 0x44, 0x44, 0x44, 0x44, 0xBB,
    0x55, 0x55, 0x55, 0x55, 0x0F, 0xB1, 0x1D, 0x18, 0xA0, 0x04, 0x08, 0x0F, 0x94, 0x05, 0x1C, 0xA0,
    0x04, 0x08, 0xA3, 0x20, 0xA0, 0x04, 0x08, 0xB8, 0x00, 0x00, 0x00, 0x00, 0xBB, 0x66, 0x66, 0x66,
    0x66, 0x0F, 0xB1, 0x1D, 0x18, 0xA0, 0x04, 0x08, 0x0F, 0x94, 0x05, 0x24, 0xA0, 0x04, 0x08, 0xA3,
    0x28, 0xA0, 0x04, 0x08, 0x0F, 0xC9, 0xBE, 0x78, 0x56, 0x34, 0x12, 0x0F, 0xCE, 0x89, 0x25, 0x10,
    0xA1, 0x04, 0x08, 0xBC, 0x40, 0xA3, 0x04, 0x08, 0x9C, 0x8F, 0x05, 0x20, 0xA1, 0x04, 0x08, 0xA3,
    0x00, 0xA1, 0x04, 0x08, 0x89, 0x0D, 0x04, 0xA1, 0x04, 0x08, 0x89, 0x15, 0x08, 0xA1, 0x04, 0x08,
    0x89, 0x1D, 0x0C, 0xA1, 0x04, 0x08, 0x89, 0x2D, 0x14, 0xA1, 0x04, 0x08, 0x89, 0x35, 0x18, 0xA1,
    0x04, 0x08, 0x89, 0x3D, 0x1C, 0xA1, 0x04, 0x08, 0xC7, 0x05, 0x24, 0xA1, 0x04, 0x08, 0x00, 0x00,
    0x00, 0x00, 0xC7, 0x05, 0x28, 0xA1, 0x04, 0x08, 0x00, 0x00, 0x00, 0x00, 0xC7, 0x05, 0x2C, 0xA1,
    0x04, 0x08, 0x00, 0x00, 0x00, 0x00, 0x8C, 0x05, 0x24, 0xA1, 0x04, 0x08, 0x8C, 0x0D, 0x26, 0xA1,
    0x04, 0x08, 0x8C, 0x15, 0x28, 0xA1, 0x04, 0x08, 0x8C, 0x1D, 0x2A, 0xA1, 0x04, 0x08, 0x8C, 0x25,
    0x2C, 0xA1, 0x04, 0x08, 0x8C, 0x2D, 0x2E, 0xA1, 0x04, 0x08, 0xB8, 0x04, 0x00, 0x00, 0x00, 0xBB,
    0x01, 0x00, 0x00, 0x00, 0xB9, 0x00, 0xA1, 0x04, 0x08, 0xBA, 0x30, 0x00, 0x00, 0x00, 0xCD, 0x80,
    0xB8, 0x04, 0x00, 0x00, 0x00, 0xBB, 0x01, 0x00, 0x00, 0x00, 0xB9, 0x00, 0xA0, 0x04, 0x08, 0xBA,
    0x00, 0x01, 0x00, 0x00, 0xCD, 0x80, 0xB8, 0x04, 0x00, 0x00, 0x00, 0xBB, 0x01, 0x00, 0x00, 0x00,
    0xB9, 0x40, 0xB2, 0x04, 0x08, 0xBA, 0x00, 0x01, 0x00, 0x00, 0xCD, 0x80, 0xB8, 0x01, 0x00, 0x00,
    0x00, 0x31, 0xDB, 0xCD, 0x80,
};
static const uint8_t vec_xchg_xadd_cmpxchg_scratch[256] = {
    0x22, 0x22, 0x22, 0x22, 0x11, 0x11, 0x11, 0x11, 0x33, 0x33, 0x33, 0x33, 0x3B, 0x42, 0x49, 0x50,
    0x07, 0x00, 0x00, 0x00, 0x0C, 0x00, 0x00, 0x00, 0x55, 0x55, 0x55, 0x55, 0x01, 0xCE, 0xD5, 0xDC,
    0x44, 0x44, 0x44, 0x44, 0x00, 0x06, 0x0D, 0x14, 0x55, 0x55, 0x55, 0x55, 0x37, 0x3E, 0x45, 0x4C,
    0x53, 0x5A, 0x61, 0x68, 0x6F, 0x76, 0x7D, 0x84, 0x8B, 0x92, 0x99, 0xA0, 0xA7, 0xAE, 0xB5, 0xBC,
    0xC3, 0xCA, 0xD1, 0xD8, 0xDF, 0xE6, 0xED, 0xF4, 0xFB, 0x02, 0x09, 0x10, 0x17, 0x1E, 0x25, 0x2C,
    0x33, 0x3A, 0x41, 0x48, 0x4F, 0x56, 0x5D, 0x64, 0x6B, 0x72, 0x79, 0x80, 0x87, 0x8E, 0x95, 0x9C,
    0xA3, 0xAA, 0xB1, 0xB8, 0xBF, 0xC6, 0xCD, 0xD4, 0xDB, 0xE2, 0xE9, 0xF0, 0xF7, 0xFE, 0x05, 0x0C,
    0x13, 0x1A, 0x21, 0x28, 0x2F, 0x36, 0x3D, 0x44, 0x4B, 0x52, 0x59, 0x60, 0x67, 0x6E, 0x75, 0x7C,
    0x83, 0x8A, 0x91, 0x98, 0x9F, 0xA6, 0xAD, 0xB4, 0xBB, 0xC2, 0xC9, 0xD0, 0xD7, 0xDE, 0xE5, 0xEC,
    0xF3, 0xFA, 0x01, 0x08, 0x0F, 0x16, 0x1D, 0x24, 0x2B, 0x32, 0x39, 0x40, 0x47, 0x4E, 0x55, 0x5C,
    0x63, 0x6A, 0x71, 0x78, 0x7F, 0x86, 0x8D, 0x94, 0x9B, 0xA2, 0xA9, 0xB0, 0xB7, 0xBE, 0xC5, 0xCC,
    0xD3, 0xDA, 0xE1, 0xE8, 0xEF, 0xF6, 0xFD, 0x04, 0x0B, 0x12, 0x19, 0x20, 0x27, 0x2E, 0x35, 0x3C,
    0x43, 0x4A, 0x51, 0x58, 0x5F, 0x66, 0x6D, 0x74, 0x7B, 0x82, 0x89, 0x90, 0x97, 0x9E, 0xA5, 0xAC,
    0xB3, 0xBA, 0xC1, 0xC8, 0xCF, 0xD6, 0xDD, 0xE4, 0xEB, 0xF2, 0xF9, 0x00, 0x07, 0x0E, 0x15, 0x1C,
    0x23, 0x2A, 0x31, 0x38, 0x3F, 0x46, 0x4D, 0x54, 0x5B, 0x62, 0x69, 0x70, 0x77, 0x7E, 0x85, 0x8C,
    0x93, 0x9A, 0xA1, 0xA8, 0xAF, 0xB6, 0xBD, 0xC4, 0xCB, 0xD2, 0xD9, 0xE0, 0xE7, 0xEE, 0xF5, 0xFC,
};
static const uint8_t vec_xchg_xadd_cmpxchg_stack[256] = {
    0x00, 0x00, 0x00, 0x00, 0x00, 0x00, 0x00, 0x00, 0x00, 0x00, 0x00, 0x00, 0x00, 0x00, 0x00, 0x00,
    0x00, 0x00, 0x00, 0x00, 0x00, 0x00, 0x00, 0x00, 0x00, 0x00, 0x00, 0x00, 0x00, 0x00, 0x00, 0x00,
    0x00, 0x00, 0x00, 0x00, 0x00, 0x00, 0x00, 0x00, 0x00, 0x00, 0x00, 0x00, 0x00, 0x00, 0x00, 0x00,
    0x00, 0x00, 0x00, 0x00, 0x00, 0x00, 0x00, 0x00, 0x00, 0x00, 0x00, 0x00, 0x00, 0x00, 0x00, 0x00,
    0x00, 0x00, 0x00, 0x00, 0x00, 0x00, 0x00, 0x00, 0x00, 0x00, 0x00, 0x00, 0x00, 0x00, 0x00, 0x00,
    0x00, 0x00, 0x00, 0x00, 0x00, 0x00, 0x00, 0x00, 0x00, 0x00, 0x00, 0x00, 0x00, 0x00, 0x00, 0x00,
    0x00, 0x00, 0x00, 0x00, 0x00, 0x00, 0x00, 0x00, 0x00, 0x00, 0x00, 0x00, 0x00, 0x00, 0x00, 0x00,
    0x00, 0x00, 0x00, 0x00, 0x00, 0x00, 0x00, 0x00, 0x00, 0x00, 0x00, 0x00, 0x00, 0x00, 0x00, 0x00,
    0x00, 0x00, 0x00, 0x00, 0x00, 0x00, 0x00, 0x00, 0x00, 0x00, 0x00, 0x00, 0x00, 0x00, 0x00, 0x00,
    0x00, 0x00, 0x00, 0x00, 0x00, 0x00, 0x00, 0x00, 0x00, 0x00, 0x00, 0x00, 0x00, 0x00, 0x00, 0x00,
    0x00, 0x00, 0x00, 0x00, 0x00, 0x00, 0x00, 0x00, 0x00, 0x00, 0x00, 0x00, 0x00, 0x00, 0x00, 0x00,
    0x00, 0x00, 0x00, 0x00, 0x00, 0x00, 0x00, 0x00, 0x00, 0x00, 0x00, 0x00, 0x00, 0x00, 0x00, 0x00,
    0x00, 0x00, 0x00, 0x00, 0x00, 0x00, 0x00, 0x00, 0x00, 0x00, 0x00, 0x00, 0x00, 0x00, 0x00, 0x00,
    0x00, 0x00, 0x00, 0x00, 0x00, 0x00, 0x00, 0x00, 0x00, 0x00, 0x00, 0x00, 0x00, 0x00, 0x00, 0x00,
    0x00, 0x00, 0x00, 0x00, 0x00, 0x00, 0x00, 0x00, 0x00, 0x00, 0x00, 0x00, 0x00, 0x00, 0x00, 0x00,
    0x00, 0x00, 0x00, 0x00, 0x00, 0x00, 0x00, 0x00, 0x00, 0x00, 0x00, 0x00, 0x02, 0x02, 0x00, 0x00,
};

static const uint8_t vec_xlat_byteregs_code[364] = {
    0xFC, 0xBF, 0x00, 0xA0, 0x04, 0x08, 0xB9, 0x00, 0x00, 0x00, 0x00, 0xB8, 0x03, 0x00, 0x00, 0x00,
    0x88, 0x07, 0x04, 0x07, 0x47, 0x41, 0x81, 0xF9, 0x00, 0x01, 0x00, 0x00, 0x72, 0xF2, 0xB8, 0x78,
    0x56, 0x34, 0x12, 0xB9, 0xF0, 0xDE, 0xBC, 0x9A, 0xBA, 0x0F, 0x0F, 0x0F, 0x0F, 0xBB, 0x00, 0xA0,
    0x04, 0x08, 0xBD, 0x80, 0xA0, 0x04, 0x08, 0xBE, 0x00, 0xA0, 0x04, 0x08, 0xBF, 0x40, 0xA0, 0x04,
    0x08, 0xBC, 0x40, 0xB3, 0x04, 0x08, 0x68, 0x02, 0x02, 0x00, 0x00, 0x9D, 0xE9, 0x00, 0x00, 0x00,
    0x00, 0xBB, 0x00, 0xA0, 0x04, 0x08, 0xB0, 0x10, 0xD7, 0xA2, 0xC0, 0xA0, 0x04, 0x08, 0xB0, 0x00,
    0xD7, 0xA2, 0xC1, 0xA0, 0x04, 0x08, 0xB8, 0x44, 0x33, 0x22, 0x11, 0xB4, 0xAA, 0xA3, 0xC4, 0xA0,
    0x04, 0x08, 0xB0, 0xBB, 0xA3, 0xC8, 0xA0, 0x04, 0x08, 0xB9, 0x88, 0x77, 0x66, 0x55, 0x88, 0xEA,
    0x88, 0xCE, 0x89, 0x15, 0xCC, 0xA0, 0x04, 0x08, 0x00, 0xE9, 0x89, 0x0D, 0xD0, 0xA0, 0x04, 0x08,
    0xB7, 0xFF, 0xB3, 0x01, 0x00, 0xDF, 0x0F, 0x92, 0x05, 0xD4, 0xA0, 0x04, 0x08, 0x0F, 0x94, 0x05,
    0xD5, 0xA0, 0x04, 0x08, 0x89, 0x25, 0x10, 0xA1, 0x04, 0x08, 0xBC, 0x40, 0xA3, 0x04, 0x08, 0x9C,
    0x8F, 0x05, 0x20, 0xA1, 0x04, 0x08, 0xA3, 0x00, 0xA1, 0x04, 0x08, 0x89, 0x0D, 0x04, 0xA1, 0x04,
    0x08, 0x89, 0x15, 0x08, 0xA1, 0x04, 0x08, 0x89, 0x1D, 0x0C, 0xA1, 0x04, 0x08, 0x89, 0x2D, 0x14,
    0xA1, 0x04, 0x08, 0x89, 0x35, 0x18, 0xA1, 0x04, 0x08, 0x89, 0x3D, 0x1C, 0xA1, 0x04, 0x08, 0xC7,
    0x05, 0x24, 0xA1, 0x04, 0x08, 0x00, 0x00, 0x00, 0x00, 0xC7, 0x05, 0x28, 0xA1, 0x04, 0x08, 0x00,
    0x00, 0x00, 0x00, 0xC7, 0x05, 0x2C, 0xA1, 0x04, 0x08, 0x00, 0x00, 0x00, 0x00, 0x8C, 0x05, 0x24,
    0xA1, 0x04, 0x08, 0x8C, 0x0D, 0x26, 0xA1, 0x04, 0x08, 0x8C, 0x15, 0x28, 0xA1, 0x04, 0x08, 0x8C,
    0x1D, 0x2A, 0xA1, 0x04, 0x08, 0x8C, 0x25, 0x2C, 0xA1, 0x04, 0x08, 0x8C, 0x2D, 0x2E, 0xA1, 0x04,
    0x08, 0xB8, 0x04, 0x00, 0x00, 0x00, 0xBB, 0x01, 0x00, 0x00, 0x00, 0xB9, 0x00, 0xA1, 0x04, 0x08,
    0xBA, 0x30, 0x00, 0x00, 0x00, 0xCD, 0x80, 0xB8, 0x04, 0x00, 0x00, 0x00, 0xBB, 0x01, 0x00, 0x00,
    0x00, 0xB9, 0x00, 0xA0, 0x04, 0x08, 0xBA, 0x00, 0x01, 0x00, 0x00, 0xCD, 0x80, 0xB8, 0x04, 0x00,
    0x00, 0x00, 0xBB, 0x01, 0x00, 0x00, 0x00, 0xB9, 0x40, 0xB2, 0x04, 0x08, 0xBA, 0x00, 0x01, 0x00,
    0x00, 0xCD, 0x80, 0xB8, 0x01, 0x00, 0x00, 0x00, 0x31, 0xDB, 0xCD, 0x80,
};
static const uint8_t vec_xlat_byteregs_scratch[256] = {
    0x03, 0x0A, 0x11, 0x18, 0x1F, 0x26, 0x2D, 0x34, 0x3B, 0x42, 0x49, 0x50, 0x57, 0x5E, 0x65, 0x6C,
    0x73, 0x7A, 0x81, 0x88, 0x8F, 0x96, 0x9D, 0xA4, 0xAB, 0xB2, 0xB9, 0xC0, 0xC7, 0xCE, 0xD5, 0xDC,
    0xE3, 0xEA, 0xF1, 0xF8, 0xFF, 0x06, 0x0D, 0x14, 0x1B, 0x22, 0x29, 0x30, 0x37, 0x3E, 0x45, 0x4C,
    0x53, 0x5A, 0x61, 0x68, 0x6F, 0x76, 0x7D, 0x84, 0x8B, 0x92, 0x99, 0xA0, 0xA7, 0xAE, 0xB5, 0xBC,
    0xC3, 0xCA, 0xD1, 0xD8, 0xDF, 0xE6, 0xED, 0xF4, 0xFB, 0x02, 0x09, 0x10, 0x17, 0x1E, 0x25, 0x2C,
    0x33, 0x3A, 0x41, 0x48, 0x4F, 0x56, 0x5D, 0x64, 0x6B, 0x72, 0x79, 0x80, 0x87, 0x8E, 0x95, 0x9C,
    0xA3, 0xAA, 0xB1, 0xB8, 0xBF, 0xC6, 0xCD, 0xD4, 0xDB, 0xE2, 0xE9, 0xF0, 0xF7, 0xFE, 0x05, 0x0C,
    0x13, 0x1A, 0x21, 0x28, 0x2F, 0x36, 0x3D, 0x44, 0x4B, 0x52, 0x59, 0x60, 0x67, 0x6E, 0x75, 0x7C,
    0x83, 0x8A, 0x91, 0x98, 0x9F, 0xA6, 0xAD, 0xB4, 0xBB, 0xC2, 0xC9, 0xD0, 0xD7, 0xDE, 0xE5, 0xEC,
    0xF3, 0xFA, 0x01, 0x08, 0x0F, 0x16, 0x1D, 0x24, 0x2B, 0x32, 0x39, 0x40, 0x47, 0x4E, 0x55, 0x5C,
    0x63, 0x6A, 0x71, 0x78, 0x7F, 0x86, 0x8D, 0x94, 0x9B, 0xA2, 0xA9, 0xB0, 0xB7, 0xBE, 0xC5, 0xCC,
    0xD3, 0xDA, 0xE1, 0xE8, 0xEF, 0xF6, 0xFD, 0x04, 0x0B, 0x12, 0x19, 0x20, 0x27, 0x2E, 0x35, 0x3C,
    0x73, 0x03, 0x51, 0x58, 0x44, 0xAA, 0x22, 0x11, 0xBB, 0xAA, 0x22, 0x11, 0x77, 0x88, 0x0F, 0x0F,
    0xFF, 0x77, 0x66, 0x55, 0x01, 0x01, 0xDD, 0xE4, 0xEB, 0xF2, 0xF9, 0x00, 0x07, 0x0E, 0x15, 0x1C,
    0x23, 0x2A, 0x31, 0x38, 0x3F, 0x46, 0x4D, 0x54, 0x5B, 0x62, 0x69, 0x70, 0x77, 0x7E, 0x85, 0x8C,
    0x93, 0x9A, 0xA1, 0xA8, 0xAF, 0xB6, 0xBD, 0xC4, 0xCB, 0xD2, 0xD9, 0xE0, 0xE7, 0xEE, 0xF5, 0xFC,
};
static const uint8_t vec_xlat_byteregs_stack[256] = {
    0x00, 0x00, 0x00, 0x00, 0x00, 0x00, 0x00, 0x00, 0x00, 0x00, 0x00, 0x00, 0x00, 0x00, 0x00, 0x00,
    0x00, 0x00, 0x00, 0x00, 0x00, 0x00, 0x00, 0x00, 0x00, 0x00, 0x00, 0x00, 0x00, 0x00, 0x00, 0x00,
    0x00, 0x00, 0x00, 0x00, 0x00, 0x00, 0x00, 0x00, 0x00, 0x00, 0x00, 0x00, 0x00, 0x00, 0x00, 0x00,
    0x00, 0x00, 0x00, 0x00, 0x00, 0x00, 0x00, 0x00, 0x00, 0x00, 0x00, 0x00, 0x00, 0x00, 0x00, 0x00,
    0x00, 0x00, 0x00, 0x00, 0x00, 0x00, 0x00, 0x00, 0x00, 0x00, 0x00, 0x00, 0x00, 0x00, 0x00, 0x00,
    0x00, 0x00, 0x00, 0x00, 0x00, 0x00, 0x00, 0x00, 0x00, 0x00, 0x00, 0x00, 0x00, 0x00, 0x00, 0x00,
    0x00, 0x00, 0x00, 0x00, 0x00, 0x00, 0x00, 0x00, 0x00, 0x00, 0x00, 0x00, 0x00, 0x00, 0x00, 0x00,
    0x00, 0x00, 0x00, 0x00, 0x00, 0x00, 0x00, 0x00, 0x00, 0x00, 0x00, 0x00, 0x00, 0x00, 0x00, 0x00,
    0x00, 0x00, 0x00, 0x00, 0x00, 0x00, 0x00, 0x00, 0x00, 0x00, 0x00, 0x00, 0x00, 0x00, 0x00, 0x00,
    0x00, 0x00, 0x00, 0x00, 0x00, 0x00, 0x00, 0x00, 0x00, 0x00, 0x00, 0x00, 0x00, 0x00, 0x00, 0x00,
    0x00, 0x00, 0x00, 0x00, 0x00, 0x00, 0x00, 0x00, 0x00, 0x00, 0x00, 0x00, 0x00, 0x00, 0x00, 0x00,
    0x00, 0x00, 0x00, 0x00, 0x00, 0x00, 0x00, 0x00, 0x00, 0x00, 0x00, 0x00, 0x00, 0x00, 0x00, 0x00,
    0x00, 0x00, 0x00, 0x00, 0x00, 0x00, 0x00, 0x00, 0x00, 0x00, 0x00, 0x00, 0x00, 0x00, 0x00, 0x00,
    0x00, 0x00, 0x00, 0x00, 0x00, 0x00, 0x00, 0x00, 0x00, 0x00, 0x00, 0x00, 0x00, 0x00, 0x00, 0x00,
    0x00, 0x00, 0x00, 0x00, 0x00, 0x00, 0x00, 0x00, 0x00, 0x00, 0x00, 0x00, 0x00, 0x00, 0x00, 0x00,
    0x00, 0x00, 0x00, 0x00, 0x00, 0x00, 0x00, 0x00, 0x00, 0x00, 0x00, 0x00, 0x02, 0x02, 0x00, 0x00,
};

static const x86_32_vector_t g_x86_32_vectors[] = {
    { "alu_add_sub", 0x08049000U, 0x00005000U, 0x08049000U, 0x08049000U, 0x08049108U, 464U, vec_alu_add_sub_code,
      { 0x00001234U, 0x9ABCDEF0U, 0x00000000U, 0x00000001U, 0x0804B340U, 0x0804A080U, 0x0804A000U, 0x0804A040U },
      0x00000044U, { 0x002BU, 0x0023U, 0x002BU, 0x002BU, 0x0000U, 0x0000U },
      0x00000CD5U, 0,
      0x0804A000U, vec_alu_add_sub_scratch,
      0x0804B240U, vec_alu_add_sub_stack },
    { "alu_logic", 0x08049000U, 0x00005000U, 0x08049000U, 0x08049000U, 0x080490F4U, 444U, vec_alu_logic_code,
      { 0x80000000U, 0x00000E00U, 0x0F0F0F0FU, 0x0FF00FF0U, 0x0804B340U, 0x0804A080U, 0x0804A000U, 0x0804A040U },
      0x00000004U, { 0x002BU, 0x0023U, 0x002BU, 0x002BU, 0x0000U, 0x0000U },
      0x00000CD5U, 0,
      0x0804A000U, vec_alu_logic_scratch,
      0x0804B240U, vec_alu_logic_stack },
    { "bcd_ops", 0x08049000U, 0x00005000U, 0x08049000U, 0x08049000U, 0x080490C1U, 393U, vec_bcd_ops_code,
      { 0x12340307U, 0x9ABCDEF0U, 0x0F0F0F0FU, 0x0804A000U, 0x0804B340U, 0x0804A080U, 0x0804A000U, 0x0804A040U },
      0x00000000U, { 0x002BU, 0x0023U, 0x002BU, 0x002BU, 0x0000U, 0x0000U },
      0x00000CD5U, 0,
      0x0804A000U, vec_bcd_ops_scratch,
      0x0804B240U, vec_bcd_ops_stack },
    { "bit_ops", 0x08049000U, 0x00005000U, 0x08049000U, 0x08049000U, 0x080490D9U, 417U, vec_bit_ops_code,
      { 0x00000000U, 0xFFFFFFF8U, 0x00000008U, 0x0804A040U, 0x0804B340U, 0x0804A080U, 0x00000000U, 0x0000001FU },
      0x00000044U, { 0x002BU, 0x0023U, 0x002BU, 0x002BU, 0x0000U, 0x0000U },
      0x00000CD5U, 0,
      0x0804A000U, vec_bit_ops_scratch,
      0x0804B240U, vec_bit_ops_stack },
    { "call_ret", 0x08049000U, 0x00005000U, 0x08049000U, 0x08049000U, 0x080490BCU, 388U, vec_call_ret_code,
      { 0x08049089U, 0xAAAA5555U, 0x99998888U, 0x0804A000U, 0x0804B340U, 0x00000077U, 0x0804A000U, 0x0804A040U },
      0x00000010U, { 0x002BU, 0x0023U, 0x002BU, 0x002BU, 0x0000U, 0x0000U },
      0x00000CD5U, 0,
      0x0804A000U, vec_call_ret_scratch,
      0x0804B240U, vec_call_ret_stack },
    { "checksum_loop", 0x08049000U, 0x00005000U, 0x08049000U, 0x08049000U, 0x080490ABU, 371U, vec_checksum_loop_code,
      { 0xC31E0265U, 0x00000010U, 0x0000006CU, 0x0804A000U, 0x0804B340U, 0x0804A080U, 0x0000000FU, 0x00000000U },
      0x00000044U, { 0x002BU, 0x0023U, 0x002BU, 0x002BU, 0x0000U, 0x0000U },
      0x00000CD5U, 0,
      0x0804A000U, vec_checksum_loop_scratch,
      0x0804B240U, vec_checksum_loop_stack },
    { "cmovcc", 0x08049000U, 0x00005000U, 0x08049000U, 0x08049000U, 0x080490A0U, 360U, vec_cmovcc_code,
      { 0x44444444U, 0x00000005U, 0x0F0F0F0FU, 0x22222222U, 0x0804B340U, 0x0804A080U, 0x0804A000U, 0x0804A040U },
      0x00000044U, { 0x002BU, 0x0023U, 0x002BU, 0x002BU, 0x0000U, 0x0000U },
      0x00000CD5U, 0,
      0x0804A000U, vec_cmovcc_scratch,
      0x0804B240U, vec_cmovcc_stack },
    { "cond_jcc", 0x08049000U, 0x00005000U, 0x08049000U, 0x08049000U, 0x080490B9U, 385U, vec_cond_jcc_code,
      { 0x80000000U, 0x9ABCDEF0U, 0x0F0F0F0FU, 0x0804A000U, 0x0804B340U, 0x00000010U, 0x0804A000U, 0x0804A040U },
      0x00000894U, { 0x002BU, 0x0023U, 0x002BU, 0x002BU, 0x0000U, 0x0000U },
      0x00000CD5U, 0,
      0x0804A000U, vec_cond_jcc_scratch,
      0x0804B240U, vec_cond_jcc_stack },
    { "cond_setcc", 0x08049000U, 0x00005000U, 0x08049000U, 0x08049000U, 0x080490FCU, 452U, vec_cond_setcc_code,
      { 0x80000000U, 0x9ABCDEF0U, 0x0F0F0F0FU, 0x0804A000U, 0x0804B340U, 0x0804A080U, 0x0804A000U, 0x0804A040U },
      0x00000894U, { 0x002BU, 0x0023U, 0x002BU, 0x002BU, 0x0000U, 0x0000U },
      0x00000CD5U, 0,
      0x0804A000U, vec_cond_setcc_scratch,
      0x0804B240U, vec_cond_setcc_stack },
    { "enter_leave", 0x08049000U, 0x00005000U, 0x08049000U, 0x08049000U, 0x08049091U, 345U, vec_enter_leave_code,
      { 0x00000010U, 0x00000000U, 0x00000000U, 0x0804B340U, 0x0804B340U, 0x0804A080U, 0xC0DEC0DEU, 0x0804B31CU },
      0x00000044U, { 0x002BU, 0x0023U, 0x002BU, 0x002BU, 0x0000U, 0x0000U },
      0x00000CD5U, 0,
      0x0804A000U, vec_enter_leave_scratch,
      0x0804B240U, vec_enter_leave_stack },
    { "far_call_ret", 0x08049000U, 0x00005000U, 0x08049000U, 0x08049000U, 0x080490D5U, 413U, vec_far_call_ret_code,
      { 0x00000001U, 0x9ABCDEF0U, 0x0F0F0F0FU, 0x00000002U, 0x0804B340U, 0x0804A080U, 0x0804A000U, 0x0804A000U },
      0x00000000U, { 0x002BU, 0x0023U, 0x002BU, 0x002BU, 0x0000U, 0x0000U },
      0x00000CD5U, 0,
      0x0804A000U, vec_far_call_ret_scratch,
      0x0804B240U, vec_far_call_ret_stack },
    { "imul_forms", 0x08049000U, 0x00005000U, 0x08049000U, 0x08049000U, 0x080490B8U, 384U, vec_imul_forms_code,
      { 0xFFFFFFFDU, 0x9ABCDEF0U, 0x3B2A1890U, 0x00000010U, 0x0804B340U, 0x08040030U, 0xCDEF0000U, 0x0000000FU },
      0x00000004U, { 0x002BU, 0x0023U, 0x002BU, 0x002BU, 0x0000U, 0x0000U },
      0x00000801U, "IMUL leaves SF ZF AF PF UNDEFINED (SDM); only CF and OF are architecturally defined.",
      0x0804A000U, vec_imul_forms_scratch,
      0x0804B240U, vec_imul_forms_stack },
    { "inc_dec_carry", 0x08049000U, 0x00005000U, 0x08049000U, 0x08049000U, 0x080490AAU, 370U, vec_inc_dec_carry_code,
      { 0x80000000U, 0x7FFFFFFFU, 0x0F0F0F0FU, 0xFFFFFFFFU, 0x0804B340U, 0x0804A080U, 0x0804A000U, 0x0804A040U },
      0x00000001U, { 0x002BU, 0x0023U, 0x002BU, 0x002BU, 0x0000U, 0x0000U },
      0x00000CD5U, 0,
      0x0804A000U, vec_inc_dec_carry_scratch,
      0x0804B240U, vec_inc_dec_carry_stack },
    { "iret_same_priv", 0x08049000U, 0x00005000U, 0x08049000U, 0x08049000U, 0x08049101U, 457U, vec_iret_same_priv_code,
      { 0x00000000U, 0x5A5A5A5AU, 0xA5A5A5A5U, 0x00000041U, 0x0804B340U, 0x0804A080U, 0x00000001U, 0x00000001U },
      0x00000000U, { 0x002BU, 0x0023U, 0x002BU, 0x002BU, 0x0000U, 0x0000U },
      0x00000CD5U, 0,
      0x0804A000U, vec_iret_same_priv_scratch,
      0x0804B240U, vec_iret_same_priv_stack },
    { "lea_sib", 0x08049000U, 0x00005000U, 0x08049000U, 0x08049000U, 0x080490B7U, 383U, vec_lea_sib_code,
      { 0x00000100U, 0x0804A100U, 0x0F0F0F0FU, 0x00000010U, 0x0804B340U, 0x0804A000U, 0x0804A000U, 0x0804A040U },
      0x00000000U, { 0x002BU, 0x0023U, 0x002BU, 0x002BU, 0x0000U, 0x0000U },
      0x00000CD5U, 0,
      0x0804A000U, vec_lea_sib_scratch,
      0x0804B240U, vec_lea_sib_stack },
    { "loop_jecxz", 0x08049000U, 0x00005000U, 0x08049000U, 0x08049000U, 0x080490A8U, 368U, vec_loop_jecxz_code,
      { 0x00000037U, 0x00000003U, 0x00000001U, 0x00000003U, 0x0804B340U, 0x0804A080U, 0x0804A000U, 0x0804A040U },
      0x00000091U, { 0x002BU, 0x0023U, 0x002BU, 0x002BU, 0x0000U, 0x0000U },
      0x00000CD5U, 0,
      0x0804A000U, vec_loop_jecxz_scratch,
      0x0804B240U, vec_loop_jecxz_stack },
    { "mem_addressing", 0x08049000U, 0x00005000U, 0x08049000U, 0x08049000U, 0x0804909DU, 357U, vec_mem_addressing_code,
      { 0x11223344U, 0x11223344U, 0x11223344U, 0x0804A000U, 0x0804B340U, 0x0804A080U, 0xCAFEBABEU, 0x00000077U },
      0x00000084U, { 0x002BU, 0x0023U, 0x002BU, 0x002BU, 0x0000U, 0x0000U },
      0x00000CD5U, 0,
      0x0804A000U, vec_mem_addressing_scratch,
      0x0804B240U, vec_mem_addressing_stack },
    { "misc_flags", 0x08049000U, 0x00005000U, 0x08049000U, 0x08049000U, 0x080490D0U, 408U, vec_misc_flags_code,
      { 0x7F000000U, 0x9ABCDEF0U, 0x00000000U, 0x0804A000U, 0x0804B340U, 0x0804A080U, 0x0804A000U, 0x0804A040U },
      0x000000D5U, { 0x002BU, 0x0023U, 0x002BU, 0x002BU, 0x0000U, 0x0000U },
      0x00000CD5U, 0,
      0x0804A000U, vec_misc_flags_scratch,
      0x0804B240U, vec_misc_flags_stack },
    { "mov_basic", 0x08049000U, 0x00005000U, 0x08049000U, 0x08049000U, 0x08049086U, 334U, vec_mov_basic_code,
      { 0xDEADBEEFU, 0xDEADBEEFU, 0xDEADBEEFU, 0x00001234U, 0x0804B340U, 0x00001234U, 0x000000B5U, 0xFFFFFFB5U },
      0x00000000U, { 0x002BU, 0x0023U, 0x002BU, 0x002BU, 0x0000U, 0x0000U },
      0x00000CD5U, 0,
      0x0804A000U, vec_mov_basic_scratch,
      0x0804B240U, vec_mov_basic_stack },
    { "mul_div_32", 0x08049000U, 0x00005000U, 0x08049000U, 0x08049000U, 0x080490F8U, 448U, vec_mul_div_32_code,
      { 0xFF800000U, 0x9ABCDEF0U, 0x00000000U, 0x00000100U, 0x0804B340U, 0x0804A080U, 0x0804A000U, 0x0804A040U },
      0x00000080U, { 0x002BU, 0x0023U, 0x002BU, 0x002BU, 0x0000U, 0x0000U },
      0x00000001U, "MUL/DIV leave SF ZF AF PF UNDEFINED (SDM); OF==CF is checked via SETO into scratch instead.",
      0x0804A000U, vec_mul_div_32_scratch,
      0x0804B240U, vec_mul_div_32_stack },
    { "mul_div_8_16", 0x08049000U, 0x00005000U, 0x08049000U, 0x08049000U, 0x080490DAU, 418U, vec_mul_div_8_16_code,
      { 0x1234FEB3U, 0x9ABCDEF0U, 0x0F0FFFFFU, 0x08040003U, 0x0804B340U, 0x0804A080U, 0x0804A000U, 0x0804A040U },
      0x00000801U, { 0x002BU, 0x0023U, 0x002BU, 0x002BU, 0x0000U, 0x0000U },
      0x00000001U, "MUL/DIV leave SF ZF AF PF UNDEFINED (SDM); the CF/OF pair is captured with SETO/SETC into scratch.",
      0x0804A000U, vec_mul_div_8_16_scratch,
      0x0804B240U, vec_mul_div_8_16_stack },
    { "opsize16", 0x08049000U, 0x00005000U, 0x08049000U, 0x08049000U, 0x080490D8U, 416U, vec_opsize16_code,
      { 0x00004321U, 0x9ABCCCCDU, 0x0F0F0000U, 0x08040000U, 0x0804B340U, 0x08044321U, 0x08043412U, 0x08048000U },
      0x00000091U, { 0x002BU, 0x0023U, 0x002BU, 0x002BU, 0x0000U, 0x0000U },
      0x00000CD5U, 0,
      0x0804A000U, vec_opsize16_scratch,
      0x0804B240U, vec_opsize16_stack },
    { "prefix_mix", 0x08049000U, 0x00005000U, 0x08049000U, 0x08049000U, 0x08049088U, 336U, vec_prefix_mix_code,
      { 0x0BADF00DU, 0x0BADF00DU, 0x5049423BU, 0x0804A000U, 0x0804B340U, 0x0804A080U, 0x11223345U, 0x00000099U },
      0x00000000U, { 0x002BU, 0x0023U, 0x002BU, 0x002BU, 0x0000U, 0x0000U },
      0x00000CD5U, 0,
      0x0804A000U, vec_prefix_mix_scratch,
      0x0804B240U, vec_prefix_mix_stack },
    { "rotate_group", 0x08049000U, 0x00005000U, 0x08049000U, 0x08049000U, 0x080490C7U, 399U, vec_rotate_group_code,
      { 0x80000000U, 0x9ABCC000U, 0x0F0F0F0FU, 0x0804A003U, 0x0804B340U, 0x0804A080U, 0x0804A000U, 0x0804A040U },
      0x00000001U, { 0x002BU, 0x0023U, 0x002BU, 0x002BU, 0x0000U, 0x0000U },
      0x000008D5U, "OF after a rotate with count != 1 is UNDEFINED (SDM, ROL/ROR/RCL/RCR); every other arithmetic bit is compared.",
      0x0804A000U, vec_rotate_group_scratch,
      0x0804B240U, vec_rotate_group_stack },
    { "seg_load", 0x08049000U, 0x00005000U, 0x08049000U, 0x08049000U, 0x080490D6U, 414U, vec_seg_load_code,
      { 0x0BADF00DU, 0x1234ABCDU, 0x55AA1234U, 0x0804A000U, 0x0804B340U, 0x77665544U, 0x0F0FF0F0U, 0x0804A000U },
      0x00000000U, { 0x002BU, 0x0023U, 0x002BU, 0x002BU, 0x0000U, 0x0000U },
      0x00000CD5U, 0,
      0x0804A000U, vec_seg_load_scratch,
      0x0804B240U, vec_seg_load_stack },
    { "shift_group", 0x08049000U, 0x00005000U, 0x08049000U, 0x08049000U, 0x080490D4U, 412U, vec_shift_group_code,
      { 0x00000000U, 0x9ABCDE21U, 0x0F0F0FC0U, 0x0804C000U, 0x0804B340U, 0x0804A080U, 0x0804A000U, 0x0804A040U },
      0x00000045U, { 0x002BU, 0x0023U, 0x002BU, 0x002BU, 0x0000U, 0x0000U },
      0x00000CD5U, 0,
      0x0804A000U, vec_shift_group_scratch,
      0x0804B240U, vec_shift_group_stack },
    { "shld_shrd", 0x08049000U, 0x00005000U, 0x08049000U, 0x08049000U, 0x080490C0U, 392U, vec_shld_shrd_code,
      { 0xFFFFF000U, 0x9ABCDE04U, 0xFFFFFFFFU, 0x0804234AU, 0x0804B340U, 0x0804A080U, 0x0804ABCDU, 0x0804A040U },
      0x00000001U, { 0x002BU, 0x0023U, 0x002BU, 0x002BU, 0x0000U, 0x0000U },
      0x00000CD5U, 0,
      0x0804A000U, vec_shld_shrd_scratch,
      0x0804B240U, vec_shld_shrd_stack },
    { "stack_ops", 0x08049000U, 0x00005000U, 0x08049000U, 0x08049000U, 0x08049098U, 352U, vec_stack_ops_code,
      { 0x00000001U, 0x9ABCDEF0U, 0x9ABCDEF0U, 0x11112222U, 0x0804B340U, 0x00000000U, 0x11111234U, 0x0804B340U },
      0x00000801U, { 0x002BU, 0x0023U, 0x002BU, 0x002BU, 0x0000U, 0x0000U },
      0x00000CD5U, 0,
      0x0804A000U, vec_stack_ops_scratch,
      0x0804B240U, vec_stack_ops_stack },
    { "string_movs", 0x08049000U, 0x00005000U, 0x08049000U, 0x08049000U, 0x08049094U, 348U, vec_string_movs_code,
      { 0x12345678U, 0x00000000U, 0x0F0F0F0FU, 0x0804A000U, 0x0804B340U, 0x0804A080U, 0x0804A023U, 0x0804A0E3U },
      0x00000000U, { 0x002BU, 0x0023U, 0x002BU, 0x002BU, 0x0000U, 0x0000U },
      0x00000CD5U, 0,
      0x0804A000U, vec_string_movs_scratch,
      0x0804B240U, vec_string_movs_stack },
    { "string_scas_cmps", 0x08049000U, 0x00005000U, 0x08049000U, 0x08049000U, 0x080490A4U, 364U, vec_string_scas_cmps_code,
      { 0x1234561FU, 0x0000003BU, 0x0F0F0F0FU, 0x0804A000U, 0x0804B340U, 0x00000005U, 0x0804A001U, 0x0804A005U },
      0x00000004U, { 0x002BU, 0x0023U, 0x002BU, 0x002BU, 0x0000U, 0x0000U },
      0x00000CD5U, 0,
      0x0804A000U, vec_string_scas_cmps_scratch,
      0x0804B240U, vec_string_scas_cmps_stack },
    { "string_stos_lods", 0x08049000U, 0x00005000U, 0x08049000U, 0x08049000U, 0x08049093U, 347U, vec_string_stos_lods_code,
      { 0xFFFFFFFFU, 0x00000000U, 0x0F0F0F0FU, 0x0804A000U, 0x0804B340U, 0x0804A080U, 0x0804A009U, 0x0804A080U },
      0x00000000U, { 0x002BU, 0x0023U, 0x002BU, 0x002BU, 0x0000U, 0x0000U },
      0x00000CD5U, 0,
      0x0804A000U, vec_string_stos_lods_scratch,
      0x0804B240U, vec_string_stos_lods_stack },
    { "xchg_xadd_cmpxchg", 0x08049000U, 0x00005000U, 0x08049000U, 0x08049000U, 0x080490DDU, 421U, vec_xchg_xadd_cmpxchg_code,
      { 0x55555555U, 0x3B424950U, 0x0000000CU, 0x66666666U, 0x0804B340U, 0x0804A080U, 0x78563412U, 0x0804A040U },
      0x00000091U, { 0x002BU, 0x0023U, 0x002BU, 0x002BU, 0x0000U, 0x0000U },
      0x00000CD5U, 0,
      0x0804A000U, vec_xchg_xadd_cmpxchg_scratch,
      0x0804B240U, vec_xchg_xadd_cmpxchg_stack },
    { "xlat_byteregs", 0x08049000U, 0x00005000U, 0x08049000U, 0x08049000U, 0x080490A4U, 364U, vec_xlat_byteregs_code,
      { 0x1122AABBU, 0x556677FFU, 0x0F0F8877U, 0x08040001U, 0x0804B340U, 0x0804A080U, 0x0804A000U, 0x0804A040U },
      0x00000055U, { 0x002BU, 0x0023U, 0x002BU, 0x002BU, 0x0000U, 0x0000U },
      0x00000CD5U, 0,
      0x0804A000U, vec_xlat_byteregs_scratch,
      0x0804B240U, vec_xlat_byteregs_stack },
};

#define X86_32_VECTOR_COUNT (sizeof(g_x86_32_vectors)/sizeof(g_x86_32_vectors[0]))

#endif /* X86_32_VECTORS_H */
